season,week,model,team,div,playoff,seed1,conf,sb,y_div,y_playoff,y_seed1,y_conf,y_sb
2022,0,v4 (live),ARI,0.256,0.49575,0.07975,0.08325,0.0425,0.0,0.0,0.0,0.0,0.0
2022,0,v4 (live),ATL,0.10775,0.21425,0.00825,0.015,0.006,0.0,0.0,0.0,0.0,0.0
2022,0,v4 (live),BAL,0.33375,0.5425,0.0835,0.084,0.04,0.0,1.0,0.0,0.0,0.0
2022,0,v4 (live),BUF,0.32525,0.58325,0.08475,0.10475,0.058,1.0,1.0,0.0,0.0,0.0
2022,0,v4 (live),CAR,0.1765,0.32025,0.0295,0.03425,0.01625,0.0,0.0,0.0,0.0,0.0
2022,0,v4 (live),CHI,0.217,0.35875,0.0395,0.037,0.018,0.0,0.0,0.0,0.0,0.0
2022,0,v4 (live),CIN,0.28575,0.4905,0.06225,0.07675,0.041,1.0,1.0,0.0,0.0,0.0
2022,0,v4 (live),CLE,0.21925,0.409,0.04875,0.051,0.0245,0.0,0.0,0.0,0.0,0.0
2022,0,v4 (live),DAL,0.39775,0.64025,0.13725,0.11775,0.05875,0.0,1.0,0.0,0.0,0.0
2022,0,v4 (live),DEN,0.219,0.42275,0.05675,0.04175,0.02325,0.0,0.0,0.0,0.0,0.0
2022,0,v4 (live),DET,0.16075,0.28025,0.02275,0.02025,0.01125,0.0,0.0,0.0,0.0,0.0
2022,0,v4 (live),GB,0.377,0.5395,0.0805,0.076,0.03825,0.0,0.0,0.0,0.0,0.0
2022,0,v4 (live),HOU,0.1155,0.24375,0.01875,0.01775,0.00675,0.0,0.0,0.0,0.0,0.0
2022,0,v4 (live),IND,0.43625,0.63525,0.11725,0.11175,0.0565,0.0,0.0,0.0,0.0,0.0
2022,0,v4 (live),JAX,0.1125,0.22825,0.016,0.0155,0.006,1.0,1.0,0.0,0.0,0.0
2022,0,v4 (live),KC,0.39475,0.61,0.11125,0.117,0.0605,1.0,1.0,1.0,1.0,1.0
2022,0,v4 (live),LA,0.241,0.4965,0.07625,0.09375,0.048,0.0,0.0,0.0,0.0,0.0
2022,0,v4 (live),LAC,0.2155,0.4195,0.0495,0.04825,0.02275,0.0,1.0,0.0,0.0,0.0
2022,0,v4 (live),LV,0.17075,0.3395,0.0355,0.032,0.0155,0.0,0.0,0.0,0.0,0.0
2022,0,v4 (live),MIA,0.132,0.30575,0.03125,0.03175,0.0145,0.0,1.0,0.0,0.0,0.0
2022,0,v4 (live),MIN,0.24525,0.38525,0.044,0.046,0.0195,1.0,1.0,0.0,0.0,0.0
2022,0,v4 (live),NE,0.45225,0.67875,0.15275,0.14325,0.07775,0.0,0.0,0.0,0.0,0.0
2022,0,v4 (live),NO,0.277,0.44925,0.06225,0.061,0.0275,0.0,0.0,0.0,0.0,0.0
2022,0,v4 (live),NYG,0.08375,0.20325,0.013,0.013,0.005,0.0,1.0,0.0,0.0,0.0
2022,0,v4 (live),NYJ,0.0905,0.226,0.01875,0.0175,0.008,0.0,0.0,0.0,0.0,0.0
2022,0,v4 (live),PHI,0.315,0.5685,0.09,0.0885,0.039,1.0,1.0,1.0,1.0,0.0
2022,0,v4 (live),PIT,0.16125,0.32075,0.032,0.0305,0.016,0.0,0.0,0.0,0.0,0.0
2022,0,v4 (live),SEA,0.252,0.5055,0.07475,0.0775,0.04075,0.0,1.0,0.0,0.0,0.0
2022,0,v4 (live),SF,0.251,0.50225,0.07925,0.0825,0.039,1.0,1.0,0.0,0.0,0.0
2022,0,v4 (live),TB,0.43875,0.61975,0.111,0.1115,0.06025,1.0,1.0,0.0,0.0,0.0
2022,0,v4 (live),TEN,0.33575,0.5445,0.081,0.0765,0.038,0.0,0.0,0.0,0.0,0.0
2022,0,v4 (live),WAS,0.2035,0.42075,0.052,0.04275,0.021,0.0,0.0,0.0,0.0,0.0
2022,0,v3 (challenger),ARI,0.2455,0.5145,0.08175,0.087,0.04175,0.0,0.0,0.0,0.0,0.0
2022,0,v3 (challenger),ATL,0.071,0.144,0.007,0.012,0.00525,0.0,0.0,0.0,0.0,0.0
2022,0,v3 (challenger),BAL,0.353,0.56175,0.07775,0.067,0.03525,0.0,1.0,0.0,0.0,0.0
2022,0,v3 (challenger),BUF,0.3245,0.608,0.0985,0.11825,0.0635,1.0,1.0,0.0,0.0,0.0
2022,0,v3 (challenger),CAR,0.15425,0.293,0.019,0.02225,0.01125,0.0,0.0,0.0,0.0,0.0
2022,0,v3 (challenger),CHI,0.215,0.347,0.034,0.02975,0.014,0.0,0.0,0.0,0.0,0.0
2022,0,v3 (challenger),CIN,0.2935,0.5055,0.05025,0.07775,0.03625,1.0,1.0,0.0,0.0,0.0
2022,0,v3 (challenger),CLE,0.21175,0.389,0.03725,0.0315,0.01475,0.0,0.0,0.0,0.0,0.0
2022,0,v3 (challenger),DAL,0.43825,0.69225,0.1535,0.129,0.0645,0.0,1.0,0.0,0.0,0.0
2022,0,v3 (challenger),DEN,0.211,0.41375,0.044,0.0455,0.0205,0.0,0.0,0.0,0.0,0.0
2022,0,v3 (challenger),DET,0.13175,0.2395,0.014,0.01025,0.0045,0.0,0.0,0.0,0.0,0.0
2022,0,v3 (challenger),GB,0.42575,0.5675,0.085,0.0865,0.03825,0.0,0.0,0.0,0.0,0.0
2022,0,v3 (challenger),HOU,0.07875,0.1785,0.0085,0.0095,0.00325,0.0,0.0,0.0,0.0,0.0
2022,0,v3 (challenger),IND,0.50525,0.703,0.15125,0.13125,0.0685,0.0,0.0,0.0,0.0,0.0
2022,0,v3 (challenger),JAX,0.07075,0.16525,0.008,0.007,0.00275,1.0,1.0,0.0,0.0,0.0
2022,0,v3 (challenger),KC,0.43875,0.67075,0.133,0.13575,0.07325,1.0,1.0,1.0,1.0,1.0
2022,0,v3 (challenger),LA,0.2355,0.493,0.077,0.0865,0.04175,0.0,0.0,0.0,0.0,0.0
2022,0,v3 (challenger),LAC,0.2055,0.41975,0.04025,0.0415,0.018,0.0,1.0,0.0,0.0,0.0
2022,0,v3 (challenger),LV,0.14475,0.31775,0.026,0.03,0.01475,0.0,0.0,0.0,0.0,0.0
2022,0,v3 (challenger),MIA,0.1,0.27375,0.0215,0.0225,0.01275,0.0,1.0,0.0,0.0,0.0
2022,0,v3 (challenger),MIN,0.2275,0.3725,0.034,0.03825,0.01775,1.0,1.0,0.0,0.0,0.0
2022,0,v3 (challenger),NE,0.51375,0.751,0.1875,0.17375,0.095,0.0,0.0,0.0,0.0,0.0
2022,0,v3 (challenger),NO,0.28025,0.45475,0.0535,0.05675,0.025,0.0,0.0,0.0,0.0,0.0
2022,0,v3 (challenger),NYG,0.04775,0.15275,0.00475,0.00775,0.00375,0.0,1.0,0.0,0.0,0.0
2022,0,v3 (challenger),NYJ,0.06175,0.189,0.012,0.0125,0.0045,0.0,0.0,0.0,0.0,0.0
2022,0,v3 (challenger),PHI,0.33375,0.595,0.10925,0.0985,0.054,1.0,1.0,1.0,1.0,0.0
2022,0,v3 (challenger),PIT,0.14175,0.28975,0.01975,0.02325,0.01075,0.0,0.0,0.0,0.0,0.0
2022,0,v3 (challenger),SEA,0.2615,0.5305,0.07725,0.0795,0.0395,0.0,1.0,0.0,0.0,0.0
2022,0,v3 (challenger),SF,0.2575,0.5235,0.08025,0.08675,0.0405,1.0,1.0,0.0,0.0,0.0
2022,0,v3 (challenger),TB,0.4945,0.66525,0.1245,0.128,0.06575,1.0,1.0,0.0,0.0,0.0
2022,0,v3 (challenger),TEN,0.34525,0.5635,0.0845,0.073,0.03925,0.0,0.0,0.0,0.0,0.0
2022,0,v3 (challenger),WAS,0.18025,0.415,0.04525,0.04125,0.0195,0.0,0.0,0.0,0.0,0.0
2022,4,v4 (live),ARI,0.205,0.40475,0.03775,0.047,0.0215,0.0,0.0,0.0,0.0,0.0
2022,4,v4 (live),ATL,0.18575,0.29725,0.0085,0.02325,0.01025,0.0,0.0,0.0,0.0,0.0
2022,4,v4 (live),BAL,0.47875,0.661,0.07475,0.09975,0.05025,0.0,1.0,0.0,0.0,0.0
2022,4,v4 (live),BUF,0.491,0.831,0.2145,0.2025,0.11675,1.0,1.0,0.0,0.0,0.0
2022,4,v4 (live),CAR,0.1025,0.15475,0.00175,0.0125,0.0055,0.0,0.0,0.0,0.0,0.0
2022,4,v4 (live),CHI,0.10775,0.24725,0.015,0.02175,0.01025,0.0,0.0,0.0,0.0,0.0
2022,4,v4 (live),CIN,0.25025,0.45075,0.0375,0.0595,0.0345,1.0,1.0,0.0,0.0,0.0
2022,4,v4 (live),CLE,0.20125,0.36225,0.025,0.03625,0.01925,0.0,0.0,0.0,0.0,0.0
2022,4,v4 (live),DAL,0.26975,0.67775,0.12625,0.10425,0.052,0.0,1.0,0.0,0.0,0.0
2022,4,v4 (live),DEN,0.102,0.29575,0.01875,0.02175,0.0105,0.0,0.0,0.0,0.0,0.0
2022,4,v4 (live),DET,0.09725,0.19725,0.00375,0.02175,0.01025,0.0,0.0,0.0,0.0,0.0
2022,4,v4 (live),GB,0.38875,0.62425,0.097,0.079,0.0345,0.0,0.0,0.0,0.0,0.0
2022,4,v4 (live),HOU,0.03975,0.0725,0.001,0.00325,0.001,0.0,0.0,0.0,0.0,0.0
2022,4,v4 (live),IND,0.2485,0.402,0.02,0.0365,0.01675,0.0,0.0,0.0,0.0,0.0
2022,4,v4 (live),JAX,0.387,0.56575,0.07075,0.0645,0.032,1.0,1.0,0.0,0.0,0.0
2022,4,v4 (live),KC,0.69575,0.843,0.2885,0.21125,0.123,1.0,1.0,1.0,1.0,1.0
2022,4,v4 (live),LA,0.27525,0.50325,0.046,0.07525,0.02825,0.0,0.0,0.0,0.0,0.0
2022,4,v4 (live),LAC,0.12625,0.37175,0.0225,0.02875,0.01325,0.0,1.0,0.0,0.0,0.0
2022,4,v4 (live),LV,0.076,0.2205,0.00825,0.0205,0.011,0.0,0.0,0.0,0.0,0.0
2022,4,v4 (live),MIA,0.354,0.72625,0.1435,0.093,0.04425,0.0,1.0,0.0,0.0,0.0
2022,4,v4 (live),MIN,0.40625,0.63125,0.07125,0.075,0.03225,1.0,1.0,0.0,0.0,0.0
2022,4,v4 (live),NE,0.10525,0.37425,0.02425,0.05175,0.02925,0.0,0.0,0.0,0.0,0.0
2022,4,v4 (live),NO,0.14925,0.27025,0.007,0.03825,0.0165,0.0,0.0,0.0,0.0,0.0
2022,4,v4 (live),NYG,0.06,0.301,0.02025,0.0175,0.00675,0.0,1.0,0.0,0.0,0.0
2022,4,v4 (live),NYJ,0.04975,0.187,0.00875,0.01075,0.00475,0.0,0.0,0.0,0.0,0.0
2022,4,v4 (live),PHI,0.64425,0.8995,0.4175,0.231,0.11375,1.0,1.0,1.0,1.0,0.0
2022,4,v4 (live),PIT,0.06975,0.152,0.00475,0.0135,0.00725,0.0,0.0,0.0,0.0,0.0
2022,4,v4 (live),SEA,0.2425,0.44225,0.0305,0.0655,0.02825,0.0,1.0,0.0,0.0,0.0
2022,4,v4 (live),SF,0.27725,0.4855,0.04025,0.0635,0.03225,1.0,1.0,0.0,0.0,0.0
2022,4,v4 (live),TB,0.5625,0.669,0.0715,0.109,0.05475,1.0,1.0,0.0,0.0,0.0
2022,4,v4 (live),TEN,0.32475,0.48425,0.03725,0.0465,0.02325,0.0,0.0,0.0,0.0,0.0
2022,4,v4 (live),WAS,0.026,0.19475,0.00575,0.0155,0.006,0.0,0.0,0.0,0.0,0.0
2022,4,v3 (challenger),ARI,0.19625,0.39175,0.02725,0.0465,0.02075,0.0,0.0,0.0,0.0,0.0
2022,4,v3 (challenger),ATL,0.162,0.2685,0.006,0.019,0.007,0.0,0.0,0.0,0.0,0.0
2022,4,v3 (challenger),BAL,0.53425,0.71425,0.07825,0.11175,0.06125,0.0,1.0,0.0,0.0,0.0
2022,4,v3 (challenger),BUF,0.5165,0.8785,0.25125,0.245,0.14525,1.0,1.0,0.0,0.0,0.0
2022,4,v3 (challenger),CAR,0.07375,0.12025,0.00125,0.00575,0.00175,0.0,0.0,0.0,0.0,0.0
2022,4,v3 (challenger),CHI,0.092,0.19975,0.00675,0.01775,0.007,0.0,0.0,0.0,0.0,0.0
2022,4,v3 (challenger),CIN,0.23675,0.45325,0.029,0.06475,0.035,1.0,1.0,0.0,0.0,0.0
2022,4,v3 (challenger),CLE,0.1835,0.3305,0.01875,0.0305,0.01075,0.0,0.0,0.0,0.0,0.0
2022,4,v3 (challenger),DAL,0.24925,0.72575,0.127,0.1125,0.04975,0.0,1.0,0.0,0.0,0.0
2022,4,v3 (challenger),DEN,0.07375,0.2415,0.01075,0.01475,0.0055,0.0,0.0,0.0,0.0,0.0
2022,4,v3 (challenger),DET,0.06725,0.15675,0.002,0.0125,0.00525,0.0,0.0,0.0,0.0,0.0
2022,4,v3 (challenger),GB,0.4075,0.65225,0.0745,0.08975,0.036,0.0,0.0,0.0,0.0,0.0
2022,4,v3 (challenger),HOU,0.01325,0.0195,0.0,0.0005,0.00025,0.0,0.0,0.0,0.0,0.0
2022,4,v3 (challenger),IND,0.25475,0.4625,0.02925,0.036,0.015,0.0,0.0,0.0,0.0,0.0
2022,4,v3 (challenger),JAX,0.4205,0.608,0.056,0.05525,0.03,1.0,1.0,0.0,0.0,0.0
2022,4,v3 (challenger),KC,0.78275,0.8935,0.313,0.212,0.1305,1.0,1.0,1.0,1.0,1.0
2022,4,v3 (challenger),LA,0.26325,0.50825,0.03625,0.07175,0.0305,0.0,0.0,0.0,0.0,0.0
2022,4,v3 (challenger),LAC,0.092,0.33225,0.01475,0.022,0.01075,0.0,1.0,0.0,0.0,0.0
2022,4,v3 (challenger),LV,0.0515,0.18775,0.00325,0.013,0.005,0.0,0.0,0.0,0.0,0.0
2022,4,v3 (challenger),MIA,0.372,0.79,0.14575,0.1005,0.0525,0.0,1.0,0.0,0.0,0.0
2022,4,v3 (challenger),MIN,0.43325,0.66075,0.05475,0.072,0.031,1.0,1.0,0.0,0.0,0.0
2022,4,v3 (challenger),NE,0.08175,0.37575,0.016,0.04325,0.02475,0.0,0.0,0.0,0.0,0.0
2022,4,v3 (challenger),NO,0.121,0.2235,0.00375,0.028,0.01475,0.0,0.0,0.0,0.0,0.0
2022,4,v3 (challenger),NYG,0.03575,0.273,0.01225,0.013,0.0045,0.0,1.0,0.0,0.0,0.0
2022,4,v3 (challenger),NYJ,0.02975,0.14,0.005,0.0065,0.0025,0.0,0.0,0.0,0.0,0.0
2022,4,v3 (challenger),PHI,0.70325,0.95475,0.51225,0.2495,0.12625,1.0,1.0,1.0,1.0,0.0
2022,4,v3 (challenger),PIT,0.0455,0.10225,0.0015,0.00775,0.00275,0.0,0.0,0.0,0.0,0.0
2022,4,v3 (challenger),SEA,0.24825,0.453,0.022,0.06025,0.02775,0.0,1.0,0.0,0.0,0.0
2022,4,v3 (challenger),SF,0.29225,0.51975,0.03625,0.062,0.02625,1.0,1.0,0.0,0.0,0.0
2022,4,v3 (challenger),TB,0.64325,0.7355,0.07475,0.1275,0.0605,1.0,1.0,0.0,0.0,0.0
2022,4,v3 (challenger),TEN,0.3115,0.4705,0.0275,0.0365,0.01475,0.0,0.0,0.0,0.0,0.0
2022,4,v3 (challenger),WAS,0.01175,0.1565,0.003,0.01225,0.0045,0.0,0.0,0.0,0.0,0.0
2022,9,v4 (live),ARI,0.02425,0.12425,0.0,0.0115,0.004,0.0,0.0,0.0,0.0,0.0
2022,9,v4 (live),ATL,0.327,0.416,0.00075,0.0375,0.01325,0.0,0.0,0.0,0.0,0.0
2022,9,v4 (live),BAL,0.7855,0.8965,0.16025,0.1345,0.07575,0.0,1.0,0.0,0.0,0.0
2022,9,v4 (live),BUF,0.5675,0.91825,0.31675,0.28325,0.17725,1.0,1.0,0.0,0.0,0.0
2022,9,v4 (live),CAR,0.04575,0.05,0.0,0.004,0.00175,0.0,0.0,0.0,0.0,0.0
2022,9,v4 (live),CHI,0.02275,0.09075,0.0,0.00975,0.00525,0.0,0.0,0.0,0.0,0.0
2022,9,v4 (live),CIN,0.13725,0.48125,0.01025,0.07025,0.046,1.0,1.0,0.0,0.0,0.0
2022,9,v4 (live),CLE,0.05475,0.1625,0.00225,0.017,0.00825,0.0,0.0,0.0,0.0,0.0
2022,9,v4 (live),DAL,0.1935,0.91825,0.14725,0.148,0.06925,0.0,1.0,0.0,0.0,0.0
2022,9,v4 (live),DEN,0.0275,0.078,0.00075,0.0045,0.00175,0.0,0.0,0.0,0.0,0.0
2022,9,v4 (live),DET,0.028,0.07825,0.0,0.00525,0.00275,0.0,0.0,0.0,0.0,0.0
2022,9,v4 (live),GB,0.03375,0.131,0.0,0.01625,0.0085,0.0,0.0,0.0,0.0,0.0
2022,9,v4 (live),HOU,0.017,0.01975,0.0,0.00025,0.00025,0.0,0.0,0.0,0.0,0.0
2022,9,v4 (live),IND,0.13825,0.2065,0.0005,0.011,0.0045,0.0,0.0,0.0,0.0,0.0
2022,9,v4 (live),JAX,0.119,0.162,0.00025,0.0145,0.00575,1.0,1.0,0.0,0.0,0.0
2022,9,v4 (live),KC,0.8515,0.92825,0.316,0.21925,0.12075,1.0,1.0,1.0,1.0,1.0
2022,9,v4 (live),LA,0.07075,0.2135,0.0,0.021,0.00925,0.0,0.0,0.0,0.0,0.0
2022,9,v4 (live),LAC,0.10875,0.46175,0.0295,0.028,0.0135,0.0,1.0,0.0,0.0,0.0
2022,9,v4 (live),LV,0.01225,0.087,0.0,0.00825,0.00425,0.0,0.0,0.0,0.0,0.0
2022,9,v4 (live),MIA,0.195,0.70475,0.0755,0.0625,0.03125,0.0,1.0,0.0,0.0,0.0
2022,9,v4 (live),MIN,0.9155,0.94625,0.105,0.11875,0.04325,1.0,1.0,0.0,0.0,0.0
2022,9,v4 (live),NE,0.11325,0.49725,0.02625,0.0585,0.03425,0.0,0.0,0.0,0.0,0.0
2022,9,v4 (live),NO,0.19025,0.2375,0.0,0.036,0.01575,0.0,0.0,0.0,0.0,0.0
2022,9,v4 (live),NYG,0.0725,0.698,0.046,0.04075,0.014,0.0,1.0,0.0,0.0,0.0
2022,9,v4 (live),NYJ,0.12425,0.589,0.0295,0.0325,0.01575,0.0,0.0,0.0,0.0,0.0
2022,9,v4 (live),PHI,0.73275,0.99175,0.6625,0.297,0.13725,1.0,1.0,1.0,1.0,0.0
2022,9,v4 (live),PIT,0.0225,0.04425,0.0,0.0045,0.002,0.0,0.0,0.0,0.0,0.0
2022,9,v4 (live),SEA,0.51075,0.77925,0.02275,0.089,0.04075,0.0,1.0,0.0,0.0,0.0
2022,9,v4 (live),SF,0.39425,0.64825,0.014,0.0965,0.042,1.0,1.0,0.0,0.0,0.0
2022,9,v4 (live),TB,0.437,0.50275,0.00175,0.058,0.02475,1.0,1.0,0.0,0.0,0.0
2022,9,v4 (live),TEN,0.72575,0.763,0.03225,0.05125,0.02375,0.0,0.0,0.0,0.0,0.0
2022,9,v4 (live),WAS,0.00125,0.17425,0.0,0.01075,0.00325,0.0,0.0,0.0,0.0,0.0
2022,9,v3 (challenger),ARI,0.0195,0.112,0.0,0.011,0.0035,0.0,0.0,0.0,0.0,0.0
2022,9,v3 (challenger),ATL,0.32625,0.41375,0.00025,0.031,0.01325,0.0,0.0,0.0,0.0,0.0
2022,9,v3 (challenger),BAL,0.8475,0.92625,0.16675,0.1565,0.0835,0.0,1.0,0.0,0.0,0.0
2022,9,v3 (challenger),BUF,0.60775,0.95175,0.32325,0.32175,0.207,1.0,1.0,0.0,0.0,0.0
2022,9,v3 (challenger),CAR,0.02975,0.0315,0.0,0.0005,0.0,0.0,0.0,0.0,0.0,0.0
2022,9,v3 (challenger),CHI,0.014,0.05525,0.0,0.00275,0.0015,0.0,0.0,0.0,0.0,0.0
2022,9,v3 (challenger),CIN,0.10425,0.453,0.007,0.06125,0.037,1.0,1.0,0.0,0.0,0.0
2022,9,v3 (challenger),CLE,0.03725,0.12875,0.00075,0.00875,0.00375,0.0,0.0,0.0,0.0,0.0
2022,9,v3 (challenger),DAL,0.1575,0.959,0.1255,0.157,0.067,0.0,1.0,0.0,0.0,0.0
2022,9,v3 (challenger),DEN,0.0105,0.05,0.0005,0.00175,0.00125,0.0,0.0,0.0,0.0,0.0
2022,9,v3 (challenger),DET,0.01275,0.05175,0.0,0.003,0.00125,0.0,0.0,0.0,0.0,0.0
2022,9,v3 (challenger),GB,0.01975,0.09475,0.0,0.007,0.0025,0.0,0.0,0.0,0.0,0.0
2022,9,v3 (challenger),HOU,0.00275,0.003,0.0,0.0,0.0,0.0,0.0,0.0,0.0,0.0
2022,9,v3 (challenger),IND,0.116,0.23675,0.00075,0.00875,0.00275,0.0,0.0,0.0,0.0,0.0
2022,9,v3 (challenger),JAX,0.09425,0.128,0.00025,0.0065,0.0035,1.0,1.0,0.0,0.0,0.0
2022,9,v3 (challenger),KC,0.90525,0.96425,0.358,0.2175,0.11925,1.0,1.0,1.0,1.0,1.0
2022,9,v3 (challenger),LA,0.04475,0.18375,0.0,0.02125,0.00775,0.0,0.0,0.0,0.0,0.0
2022,9,v3 (challenger),LAC,0.07925,0.432,0.01475,0.016,0.008,0.0,1.0,0.0,0.0,0.0
2022,9,v3 (challenger),LV,0.005,0.068,0.0,0.00525,0.00275,0.0,0.0,0.0,0.0,0.0
2022,9,v3 (challenger),MIA,0.18975,0.7235,0.0615,0.0595,0.029,0.0,1.0,0.0,0.0,0.0
2022,9,v3 (challenger),MIN,0.9535,0.97125,0.078,0.11325,0.0445,1.0,1.0,0.0,0.0,0.0
2022,9,v3 (challenger),NE,0.0895,0.51125,0.02,0.053,0.0275,0.0,0.0,0.0,0.0,0.0
2022,9,v3 (challenger),NO,0.18275,0.23,0.0,0.023,0.00925,0.0,0.0,0.0,0.0,0.0
2022,9,v3 (challenger),NYG,0.04225,0.73475,0.03,0.0385,0.01325,0.0,1.0,0.0,0.0,0.0
2022,9,v3 (challenger),NYJ,0.113,0.589,0.01875,0.0305,0.016,0.0,0.0,0.0,0.0,0.0
2022,9,v3 (challenger),PHI,0.8,0.9985,0.743,0.3505,0.1715,1.0,1.0,1.0,1.0,0.0
2022,9,v3 (challenger),PIT,0.011,0.02025,0.0,0.001,0.001,0.0,0.0,0.0,0.0,0.0
2022,9,v3 (challenger),SEA,0.5375,0.81525,0.01375,0.0975,0.03875,0.0,1.0,0.0,0.0,0.0
2022,9,v3 (challenger),SF,0.39825,0.70625,0.0085,0.09475,0.04,1.0,1.0,0.0,0.0,0.0
2022,9,v3 (challenger),TB,0.46125,0.51925,0.00075,0.043,0.01825,1.0,1.0,0.0,0.0,0.0
2022,9,v3 (challenger),TEN,0.787,0.81425,0.02775,0.052,0.02375,0.0,0.0,0.0,0.0,0.0
2022,9,v3 (challenger),WAS,0.00025,0.123,0.00025,0.006,0.00175,0.0,0.0,0.0,0.0,0.0
2022,13,v4 (live),ARI,0.0,0.006,0.0,0.0005,0.0005,0.0,0.0,0.0,0.0,0.0
2022,13,v4 (live),ATL,0.09775,0.10825,0.0,0.0085,0.0025,0.0,0.0,0.0,0.0,0.0
2022,13,v4 (live),BAL,0.677,0.89625,0.07325,0.11075,0.054,0.0,1.0,0.0,0.0,0.0
2022,13,v4 (live),BUF,0.66975,0.98275,0.3225,0.29725,0.17975,1.0,1.0,0.0,0.0,0.0
2022,13,v4 (live),CAR,0.099,0.101,0.0,0.00575,0.00225,0.0,0.0,0.0,0.0,0.0
2022,13,v4 (live),CHI,0.0,0.0,0.0,0.0,0.0,0.0,0.0,0.0,0.0,0.0
2022,13,v4 (live),CIN,0.2885,0.83375,0.0165,0.1155,0.06675,1.0,1.0,0.0,0.0,0.0
2022,13,v4 (live),CLE,0.01825,0.069,0.0,0.00525,0.00325,0.0,0.0,0.0,0.0,0.0
2022,13,v4 (live),DAL,0.24775,0.995,0.18675,0.2225,0.116,0.0,1.0,0.0,0.0,0.0
2022,13,v4 (live),DEN,0.0,0.0,0.0,0.0,0.0,0.0,0.0,0.0,0.0,0.0
2022,13,v4 (live),DET,0.00475,0.103,0.0,0.008,0.00275,0.0,0.0,0.0,0.0,0.0
2022,13,v4 (live),GB,0.0,0.04525,0.0,0.0045,0.00075,0.0,0.0,0.0,0.0,0.0
2022,13,v4 (live),HOU,0.0,0.0,0.0,0.0,0.0,0.0,0.0,0.0,0.0,0.0
2022,13,v4 (live),IND,0.02,0.026,0.0,0.00075,0.00025,0.0,0.0,0.0,0.0,0.0
2022,13,v4 (live),JAX,0.086,0.0955,0.0,0.00675,0.00325,1.0,1.0,0.0,0.0,0.0
2022,13,v4 (live),KC,0.99475,0.99675,0.5005,0.271,0.152,1.0,1.0,1.0,1.0,1.0
2022,13,v4 (live),LA,0.0,0.0005,0.0,0.0,0.0,0.0,0.0,0.0,0.0,0.0
2022,13,v4 (live),LAC,0.0025,0.2815,0.00025,0.00725,0.00225,0.0,1.0,0.0,0.0,0.0
2022,13,v4 (live),LV,0.00275,0.08925,0.0,0.0055,0.0035,0.0,0.0,0.0,0.0,0.0
2022,13,v4 (live),MIA,0.246,0.838,0.074,0.0695,0.035,0.0,1.0,0.0,0.0,0.0
2022,13,v4 (live),MIN,0.99525,0.998,0.1005,0.1275,0.047,1.0,1.0,0.0,0.0,0.0
2022,13,v4 (live),NE,0.02525,0.40975,0.001,0.038,0.02025,0.0,0.0,0.0,0.0,0.0
2022,13,v4 (live),NO,0.026,0.02725,0.0,0.003,0.00125,0.0,0.0,0.0,0.0,0.0
2022,13,v4 (live),NYG,0.00275,0.59275,0.00125,0.02825,0.0085,0.0,1.0,0.0,0.0,0.0
2022,13,v4 (live),NYJ,0.059,0.5115,0.00625,0.02575,0.01125,0.0,0.0,0.0,0.0,0.0
2022,13,v4 (live),PHI,0.749,1.0,0.69125,0.30225,0.14,1.0,1.0,1.0,1.0,0.0
2022,13,v4 (live),PIT,0.01625,0.06975,0.0,0.00425,0.0025,0.0,0.0,0.0,0.0,0.0
2022,13,v4 (live),SEA,0.19775,0.7255,0.0,0.06225,0.02575,0.0,1.0,0.0,0.0,0.0
2022,13,v4 (live),SF,0.80225,0.94,0.02025,0.14675,0.06425,1.0,1.0,0.0,0.0,0.0
2022,13,v4 (live),TB,0.77725,0.7795,0.0,0.057,0.02375,1.0,1.0,0.0,0.0,0.0
2022,13,v4 (live),TEN,0.894,0.90025,0.00575,0.0425,0.0215,0.0,0.0,0.0,0.0,0.0
2022,13,v4 (live),WAS,0.0005,0.578,0.0,0.02325,0.00925,0.0,0.0,0.0,0.0,0.0
2022,13,v3 (challenger),ARI,0.0,0.00775,0.0,0.0005,0.0,0.0,0.0,0.0,0.0,0.0
2022,13,v3 (challenger),ATL,0.08275,0.095,0.0,0.00275,0.0005,0.0,0.0,0.0,0.0,0.0
2022,13,v3 (challenger),BAL,0.69775,0.9305,0.05425,0.103,0.0515,0.0,1.0,0.0,0.0,0.0
2022,13,v3 (challenger),BUF,0.6965,0.9905,0.328,0.3255,0.19325,1.0,1.0,0.0,0.0,0.0
2022,13,v3 (challenger),CAR,0.0695,0.07225,0.0,0.0025,0.0005,0.0,0.0,0.0,0.0,0.0
2022,13,v3 (challenger),CHI,0.0,0.0,0.0,0.0,0.0,0.0,0.0,0.0,0.0,0.0
2022,13,v3 (challenger),CIN,0.2795,0.861,0.00975,0.11275,0.06175,1.0,1.0,0.0,0.0,0.0
2022,13,v3 (challenger),CLE,0.01475,0.05225,0.0,0.0025,0.001,0.0,0.0,0.0,0.0,0.0
2022,13,v3 (challenger),DAL,0.222,0.99925,0.1695,0.2395,0.12175,0.0,1.0,0.0,0.0,0.0
2022,13,v3 (challenger),DEN,0.0,0.0,0.0,0.0,0.0,0.0,0.0,0.0,0.0,0.0
2022,13,v3 (challenger),DET,0.0025,0.1415,0.0,0.00775,0.0025,0.0,0.0,0.0,0.0,0.0
2022,13,v3 (challenger),GB,0.0,0.042,0.0,0.0035,0.00125,0.0,0.0,0.0,0.0,0.0
2022,13,v3 (challenger),HOU,0.0,0.0,0.0,0.0,0.0,0.0,0.0,0.0,0.0,0.0
2022,13,v3 (challenger),IND,0.01,0.037,0.0,0.00125,0.00075,0.0,0.0,0.0,0.0,0.0
2022,13,v3 (challenger),JAX,0.059,0.06875,0.0,0.002,0.001,1.0,1.0,0.0,0.0,0.0
2022,13,v3 (challenger),KC,0.9975,0.99925,0.5375,0.2795,0.15875,1.0,1.0,1.0,1.0,1.0
2022,13,v3 (challenger),LA,0.0,0.001,0.0,0.0,0.0,0.0,0.0,0.0,0.0,0.0
2022,13,v3 (challenger),LAC,0.00025,0.23,0.0,0.0055,0.00225,0.0,1.0,0.0,0.0,0.0
2022,13,v3 (challenger),LV,0.00225,0.061,0.0,0.004,0.00125,0.0,0.0,0.0,0.0,0.0
2022,13,v3 (challenger),MIA,0.227,0.87325,0.058,0.0635,0.02825,0.0,1.0,0.0,0.0,0.0
2022,13,v3 (challenger),MIN,0.9975,0.999,0.084,0.1255,0.0495,1.0,1.0,0.0,0.0,0.0
2022,13,v3 (challenger),NE,0.02525,0.42725,0.0025,0.03575,0.01975,0.0,0.0,0.0,0.0,0.0
2022,13,v3 (challenger),NO,0.01075,0.01175,0.0,0.00025,0.0,0.0,0.0,0.0,0.0,0.0
2022,13,v3 (challenger),NYG,0.0,0.3545,0.0,0.01375,0.006,0.0,1.0,0.0,0.0,0.0
2022,13,v3 (challenger),NYJ,0.05125,0.50525,0.002,0.02225,0.0115,0.0,0.0,0.0,0.0,0.0
2022,13,v3 (challenger),PHI,0.77775,1.0,0.72725,0.32175,0.15625,1.0,1.0,1.0,1.0,0.0
2022,13,v3 (challenger),PIT,0.008,0.029,0.0,0.0015,0.00125,0.0,0.0,0.0,0.0,0.0
2022,13,v3 (challenger),SEA,0.15975,0.7645,0.0,0.054,0.02175,0.0,1.0,0.0,0.0,0.0
2022,13,v3 (challenger),SF,0.84025,0.9755,0.01925,0.1495,0.06575,1.0,1.0,0.0,0.0,0.0
2022,13,v3 (challenger),TB,0.837,0.843,0.0,0.0495,0.017,1.0,1.0,0.0,0.0,0.0
2022,13,v3 (challenger),TEN,0.931,0.935,0.008,0.041,0.01625,0.0,0.0,0.0,0.0,0.0
2022,13,v3 (challenger),WAS,0.00025,0.693,0.0,0.02925,0.00875,0.0,0.0,0.0,0.0,0.0
2023,0,v4 (live),ARI,0.13225,0.257,0.0225,0.02675,0.0135,0.0,0.0,0.0,0.0,0.0
2023,0,v4 (live),ATL,0.3015,0.49675,0.0665,0.07,0.03225,0.0,0.0,0.0,0.0,0.0
2023,0,v4 (live),BAL,0.32425,0.5865,0.1075,0.105,0.055,1.0,1.0,1.0,0.0,0.0
2023,0,v4 (live),BUF,0.4775,0.71275,0.17975,0.1735,0.0965,1.0,1.0,0.0,0.0,0.0
2023,0,v4 (live),CAR,0.26175,0.4495,0.055,0.048,0.02275,0.0,0.0,0.0,0.0,0.0
2023,0,v4 (live),CHI,0.204,0.37025,0.039,0.039,0.0175,0.0,0.0,0.0,0.0,0.0
2023,0,v4 (live),CIN,0.30025,0.54825,0.09875,0.09625,0.0495,0.0,0.0,0.0,0.0,0.0
2023,0,v4 (live),CLE,0.20075,0.44175,0.05675,0.05375,0.02675,0.0,1.0,0.0,0.0,0.0
2023,0,v4 (live),DAL,0.29875,0.54475,0.09725,0.096,0.04925,1.0,1.0,0.0,0.0,0.0
2023,0,v4 (live),DEN,0.1585,0.28775,0.023,0.025,0.00875,0.0,0.0,0.0,0.0,0.0
2023,0,v4 (live),DET,0.3085,0.49225,0.075,0.07,0.03525,1.0,1.0,0.0,0.0,0.0
2023,0,v4 (live),GB,0.25775,0.44875,0.06,0.0545,0.026,0.0,1.0,0.0,0.0,0.0
2023,0,v4 (live),HOU,0.1615,0.2705,0.01975,0.01925,0.0085,1.0,1.0,0.0,0.0,0.0
2023,0,v4 (live),IND,0.19525,0.32,0.0275,0.025,0.0095,0.0,0.0,0.0,0.0,0.0
2023,0,v4 (live),JAX,0.355,0.49075,0.0695,0.061,0.0305,0.0,0.0,0.0,0.0,0.0
2023,0,v4 (live),KC,0.407,0.57625,0.10475,0.1055,0.05925,1.0,1.0,0.0,1.0,1.0
2023,0,v4 (live),LA,0.184,0.3525,0.038,0.038,0.0185,0.0,1.0,0.0,0.0,0.0
2023,0,v4 (live),LAC,0.19425,0.35775,0.03075,0.03875,0.01925,0.0,0.0,0.0,0.0,0.0
2023,0,v4 (live),LV,0.24025,0.39675,0.04175,0.04275,0.022,0.0,0.0,0.0,0.0,0.0
2023,0,v4 (live),MIA,0.18825,0.423,0.05125,0.05575,0.02825,0.0,1.0,0.0,0.0,0.0
2023,0,v4 (live),MIN,0.22975,0.41075,0.055,0.053,0.026,0.0,0.0,0.0,0.0,0.0
2023,0,v4 (live),NE,0.19025,0.41475,0.05275,0.05375,0.02525,0.0,0.0,0.0,0.0,0.0
2023,0,v4 (live),NO,0.27275,0.453,0.06425,0.05675,0.02625,0.0,0.0,0.0,0.0,0.0
2023,0,v4 (live),NYG,0.15575,0.35775,0.04175,0.0455,0.02025,0.0,0.0,0.0,0.0,0.0
2023,0,v4 (live),NYJ,0.144,0.34575,0.03525,0.0445,0.02175,0.0,0.0,0.0,0.0,0.0
2023,0,v4 (live),PHI,0.39075,0.64025,0.1365,0.1455,0.0775,0.0,1.0,0.0,0.0,0.0
2023,0,v4 (live),PIT,0.17475,0.398,0.05425,0.04975,0.025,0.0,1.0,0.0,0.0,0.0
2023,0,v4 (live),SEA,0.23175,0.418,0.05025,0.05725,0.024,0.0,0.0,0.0,0.0,0.0
2023,0,v4 (live),SF,0.452,0.6355,0.1375,0.12725,0.0665,1.0,1.0,1.0,1.0,0.0
2023,0,v4 (live),TB,0.164,0.319,0.02525,0.031,0.01225,1.0,1.0,0.0,0.0,0.0
2023,0,v4 (live),TEN,0.28825,0.4295,0.04675,0.0505,0.0275,0.0,0.0,0.0,0.0,0.0
2023,0,v4 (live),WAS,0.15475,0.354,0.03625,0.0415,0.019,0.0,0.0,0.0,0.0,0.0
2023,0,v3 (challenger),ARI,0.097,0.207,0.0135,0.01725,0.00725,0.0,0.0,0.0,0.0,0.0
2023,0,v3 (challenger),ATL,0.3335,0.52425,0.0675,0.066,0.03175,0.0,0.0,0.0,0.0,0.0
2023,0,v3 (challenger),BAL,0.35175,0.63625,0.12075,0.12075,0.06175,1.0,1.0,1.0,0.0,0.0
2023,0,v3 (challenger),BUF,0.54975,0.78125,0.22225,0.2065,0.1255,1.0,1.0,0.0,0.0,0.0
2023,0,v3 (challenger),CAR,0.25325,0.42825,0.055,0.049,0.021,0.0,0.0,0.0,0.0,0.0
2023,0,v3 (challenger),CHI,0.187,0.35975,0.033,0.03325,0.0135,0.0,0.0,0.0,0.0,0.0
2023,0,v3 (challenger),CIN,0.29975,0.58025,0.1095,0.101,0.0535,0.0,0.0,0.0,0.0,0.0
2023,0,v3 (challenger),CLE,0.18325,0.441,0.05325,0.05375,0.02675,0.0,1.0,0.0,0.0,0.0
2023,0,v3 (challenger),DAL,0.31075,0.579,0.10975,0.1145,0.05675,1.0,1.0,0.0,0.0,0.0
2023,0,v3 (challenger),DEN,0.132,0.235,0.0135,0.01875,0.0085,0.0,0.0,0.0,0.0,0.0
2023,0,v3 (challenger),DET,0.326,0.52125,0.0785,0.07475,0.03325,1.0,1.0,0.0,0.0,0.0
2023,0,v3 (challenger),GB,0.27075,0.46075,0.058,0.05175,0.0205,0.0,1.0,0.0,0.0,0.0
2023,0,v3 (challenger),HOU,0.13675,0.21725,0.01175,0.0155,0.0065,1.0,1.0,0.0,0.0,0.0
2023,0,v3 (challenger),IND,0.1675,0.2705,0.015,0.0175,0.008,0.0,0.0,0.0,0.0,0.0
2023,0,v3 (challenger),JAX,0.38075,0.51025,0.0685,0.06325,0.03325,0.0,0.0,0.0,0.0,0.0
2023,0,v3 (challenger),KC,0.4535,0.626,0.104,0.10775,0.0565,1.0,1.0,0.0,1.0,1.0
2023,0,v3 (challenger),LA,0.1685,0.3295,0.03425,0.037,0.0145,0.0,1.0,0.0,0.0,0.0
2023,0,v3 (challenger),LAC,0.1725,0.30875,0.026,0.0255,0.01,0.0,0.0,0.0,0.0,0.0
2023,0,v3 (challenger),LV,0.242,0.3975,0.04375,0.03925,0.0215,0.0,0.0,0.0,0.0,0.0
2023,0,v3 (challenger),MIA,0.16925,0.41275,0.04575,0.05825,0.0305,0.0,1.0,0.0,0.0,0.0
2023,0,v3 (challenger),MIN,0.21625,0.395,0.04475,0.04225,0.0155,0.0,0.0,0.0,0.0,0.0
2023,0,v3 (challenger),NE,0.16525,0.409,0.04675,0.05375,0.02825,0.0,0.0,0.0,0.0,0.0
2023,0,v3 (challenger),NO,0.281,0.46525,0.06225,0.05225,0.022,0.0,0.0,0.0,0.0,0.0
2023,0,v3 (challenger),NYG,0.13725,0.33925,0.03575,0.03875,0.01625,0.0,0.0,0.0,0.0,0.0
2023,0,v3 (challenger),NYJ,0.11575,0.32925,0.027,0.034,0.01825,0.0,0.0,0.0,0.0,0.0
2023,0,v3 (challenger),PHI,0.43075,0.706,0.159,0.16375,0.09175,0.0,1.0,0.0,0.0,0.0
2023,0,v3 (challenger),PIT,0.16525,0.40375,0.0435,0.04325,0.0215,0.0,1.0,0.0,0.0,0.0
2023,0,v3 (challenger),SEA,0.2225,0.4065,0.04525,0.04675,0.02075,0.0,0.0,0.0,0.0,0.0
2023,0,v3 (challenger),SF,0.512,0.70625,0.156,0.1555,0.08,1.0,1.0,1.0,1.0,0.0
2023,0,v3 (challenger),TB,0.13225,0.26675,0.0225,0.02525,0.01025,1.0,1.0,0.0,0.0,0.0
2023,0,v3 (challenger),TEN,0.315,0.44125,0.04875,0.04125,0.02175,0.0,0.0,0.0,0.0,0.0
2023,0,v3 (challenger),WAS,0.12125,0.30525,0.025,0.032,0.013,0.0,0.0,0.0,0.0,0.0
2023,4,v4 (live),ARI,0.03075,0.17375,0.0045,0.015,0.00675,0.0,0.0,0.0,0.0,0.0
2023,4,v4 (live),ATL,0.359,0.49125,0.01875,0.02875,0.012,0.0,0.0,0.0,0.0,0.0
2023,4,v4 (live),BAL,0.67675,0.81725,0.16275,0.15375,0.0835,1.0,1.0,1.0,0.0,0.0
2023,4,v4 (live),BUF,0.6465,0.91625,0.361,0.31225,0.189,1.0,1.0,0.0,0.0,0.0
2023,4,v4 (live),CAR,0.04825,0.07625,0.0,0.00425,0.00175,0.0,0.0,0.0,0.0,0.0
2023,4,v4 (live),CHI,0.02475,0.06125,0.0,0.00375,0.0015,0.0,0.0,0.0,0.0,0.0
2023,4,v4 (live),CIN,0.06925,0.2045,0.00675,0.018,0.008,0.0,0.0,0.0,0.0,0.0
2023,4,v4 (live),CLE,0.14425,0.38225,0.0185,0.0295,0.01325,0.0,1.0,0.0,0.0,0.0
2023,4,v4 (live),DAL,0.45325,0.76925,0.15875,0.17375,0.091,1.0,1.0,0.0,0.0,0.0
2023,4,v4 (live),DEN,0.03675,0.07725,0.001,0.00325,0.00125,0.0,0.0,0.0,0.0,0.0
2023,4,v4 (live),DET,0.63775,0.78225,0.1055,0.104,0.044,1.0,1.0,0.0,0.0,0.0
2023,4,v4 (live),GB,0.18525,0.42625,0.0155,0.03125,0.01425,0.0,1.0,0.0,0.0,0.0
2023,4,v4 (live),HOU,0.242,0.454,0.02125,0.031,0.01475,1.0,1.0,0.0,0.0,0.0
2023,4,v4 (live),IND,0.276,0.48275,0.0325,0.033,0.01375,0.0,0.0,0.0,0.0,0.0
2023,4,v4 (live),JAX,0.2585,0.43575,0.024,0.04525,0.02175,0.0,0.0,0.0,0.0,0.0
2023,4,v4 (live),KC,0.661,0.7905,0.1715,0.131,0.06375,1.0,1.0,0.0,1.0,1.0
2023,4,v4 (live),LA,0.09975,0.46875,0.033,0.05075,0.0265,0.0,1.0,0.0,0.0,0.0
2023,4,v4 (live),LAC,0.2175,0.3675,0.01775,0.0325,0.01625,0.0,0.0,0.0,0.0,0.0
2023,4,v4 (live),LV,0.08475,0.173,0.002,0.01,0.00375,0.0,0.0,0.0,0.0,0.0
2023,4,v4 (live),MIA,0.276,0.76625,0.1315,0.1195,0.06125,0.0,1.0,0.0,0.0,0.0
2023,4,v4 (live),MIN,0.15225,0.29775,0.009,0.026,0.0115,0.0,0.0,0.0,0.0,0.0
2023,4,v4 (live),NE,0.04025,0.23375,0.01075,0.01725,0.0075,0.0,0.0,0.0,0.0,0.0
2023,4,v4 (live),NO,0.21625,0.3305,0.00875,0.02075,0.00775,0.0,0.0,0.0,0.0,0.0
2023,4,v4 (live),NYG,0.01725,0.08525,0.001,0.00575,0.002,0.0,0.0,0.0,0.0,0.0
2023,4,v4 (live),NYJ,0.03725,0.2415,0.00675,0.01775,0.00925,0.0,0.0,0.0,0.0,0.0
2023,4,v4 (live),PHI,0.4795,0.814,0.189,0.1525,0.07425,0.0,1.0,0.0,0.0,0.0
2023,4,v4 (live),PIT,0.10975,0.27225,0.00975,0.01725,0.007,0.0,1.0,0.0,0.0,0.0
2023,4,v4 (live),SEA,0.18925,0.607,0.07825,0.07975,0.03725,0.0,0.0,0.0,0.0,0.0
2023,4,v4 (live),SF,0.68025,0.90225,0.34425,0.258,0.133,1.0,1.0,1.0,1.0,0.0
2023,4,v4 (live),TB,0.3765,0.50225,0.024,0.03275,0.00775,1.0,1.0,0.0,0.0,0.0
2023,4,v4 (live),TEN,0.2235,0.38525,0.02225,0.02875,0.0115,0.0,0.0,0.0,0.0,0.0
2023,4,v4 (live),WAS,0.05,0.212,0.00975,0.013,0.00325,0.0,0.0,0.0,0.0,0.0
2023,4,v3 (challenger),ARI,0.0135,0.1315,0.0015,0.0095,0.00325,0.0,0.0,0.0,0.0,0.0
2023,4,v3 (challenger),ATL,0.3935,0.51075,0.014,0.0255,0.007,0.0,0.0,0.0,0.0,0.0
2023,4,v3 (challenger),BAL,0.756,0.875,0.16075,0.1585,0.0825,1.0,1.0,1.0,0.0,0.0
2023,4,v3 (challenger),BUF,0.72325,0.96725,0.459,0.381,0.2435,1.0,1.0,0.0,0.0,0.0
2023,4,v3 (challenger),CAR,0.0275,0.04225,0.0,0.0005,0.0,0.0,0.0,0.0,0.0,0.0
2023,4,v3 (challenger),CHI,0.0075,0.03325,0.00025,0.0005,0.00025,0.0,0.0,0.0,0.0,0.0
2023,4,v3 (challenger),CIN,0.04275,0.15,0.00225,0.0105,0.003,0.0,0.0,0.0,0.0,0.0
2023,4,v3 (challenger),CLE,0.115,0.38675,0.008,0.022,0.00875,0.0,1.0,0.0,0.0,0.0
2023,4,v3 (challenger),DAL,0.45575,0.8245,0.154,0.199,0.1,1.0,1.0,0.0,0.0,0.0
2023,4,v3 (challenger),DEN,0.016,0.038,0.0,0.001,0.00025,0.0,0.0,0.0,0.0,0.0
2023,4,v3 (challenger),DET,0.6945,0.83575,0.113,0.10525,0.041,1.0,1.0,0.0,0.0,0.0
2023,4,v3 (challenger),GB,0.1795,0.4475,0.01375,0.02225,0.0075,0.0,1.0,0.0,0.0,0.0
2023,4,v3 (challenger),HOU,0.23625,0.448,0.0125,0.0225,0.008,1.0,1.0,0.0,0.0,0.0
2023,4,v3 (challenger),IND,0.28525,0.50525,0.019,0.03025,0.013,0.0,0.0,0.0,0.0,0.0
2023,4,v3 (challenger),JAX,0.25675,0.43925,0.01825,0.0375,0.0175,0.0,0.0,0.0,0.0,0.0
2023,4,v3 (challenger),KC,0.7555,0.86575,0.152,0.13475,0.0685,1.0,1.0,0.0,1.0,1.0
2023,4,v3 (challenger),LA,0.0755,0.46725,0.022,0.0435,0.01675,0.0,1.0,0.0,0.0,0.0
2023,4,v3 (challenger),LAC,0.1755,0.3415,0.00975,0.019,0.00775,0.0,0.0,0.0,0.0,0.0
2023,4,v3 (challenger),LV,0.053,0.1265,0.0,0.00475,0.00175,0.0,0.0,0.0,0.0,0.0
2023,4,v3 (challenger),MIA,0.238,0.82925,0.1355,0.124,0.0675,0.0,1.0,0.0,0.0,0.0
2023,4,v3 (challenger),MIN,0.1185,0.2605,0.0045,0.01925,0.0085,0.0,0.0,0.0,0.0,0.0
2023,4,v3 (challenger),NE,0.0185,0.191,0.00525,0.01075,0.00525,0.0,0.0,0.0,0.0,0.0
2023,4,v3 (challenger),NO,0.20475,0.30075,0.004,0.01275,0.004,0.0,0.0,0.0,0.0,0.0
2023,4,v3 (challenger),NYG,0.00575,0.04025,0.0,0.00125,0.00075,0.0,0.0,0.0,0.0,0.0
2023,4,v3 (challenger),NYJ,0.02025,0.21575,0.00375,0.01475,0.0065,0.0,0.0,0.0,0.0,0.0
2023,4,v3 (challenger),PHI,0.5135,0.8615,0.1815,0.15325,0.07375,0.0,1.0,0.0,0.0,0.0
2023,4,v3 (challenger),PIT,0.08625,0.232,0.00425,0.008,0.004,0.0,1.0,0.0,0.0,0.0
2023,4,v3 (challenger),SEA,0.15075,0.637,0.06025,0.0695,0.02875,0.0,0.0,0.0,0.0,0.0
2023,4,v3 (challenger),SF,0.76025,0.95475,0.409,0.30375,0.154,1.0,1.0,1.0,1.0,0.0
2023,4,v3 (challenger),TB,0.37425,0.49925,0.01925,0.026,0.006,1.0,1.0,0.0,0.0,0.0
2023,4,v3 (challenger),TEN,0.22175,0.38875,0.00975,0.02075,0.00875,0.0,0.0,0.0,0.0,0.0
2023,4,v3 (challenger),WAS,0.025,0.15325,0.003,0.00825,0.002,0.0,0.0,0.0,0.0,0.0
2023,9,v4 (live),ARI,0.0,0.005,0.0,0.0005,0.0005,0.0,0.0,0.0,0.0,0.0
2023,9,v4 (live),ATL,0.30425,0.41775,0.0,0.02575,0.009,0.0,0.0,0.0,0.0,0.0
2023,9,v4 (live),BAL,0.68125,0.93,0.359,0.26325,0.15525,1.0,1.0,1.0,0.0,0.0
2023,9,v4 (live),BUF,0.41725,0.65575,0.0245,0.147,0.08725,1.0,1.0,0.0,0.0,0.0
2023,9,v4 (live),CAR,0.0095,0.0145,0.0,0.0015,0.0005,0.0,0.0,0.0,0.0,0.0
2023,9,v4 (live),CHI,0.01025,0.05925,0.0,0.0045,0.002,0.0,0.0,0.0,0.0,0.0
2023,9,v4 (live),CIN,0.1215,0.50175,0.05075,0.053,0.0275,0.0,0.0,0.0,0.0,0.0
2023,9,v4 (live),CLE,0.0965,0.49475,0.04025,0.0385,0.017,0.0,1.0,0.0,0.0,0.0
2023,9,v4 (live),DAL,0.17025,0.83575,0.078,0.1235,0.0605,1.0,1.0,0.0,0.0,0.0
2023,9,v4 (live),DEN,0.00775,0.045,0.0,0.00175,0.0005,0.0,0.0,0.0,0.0,0.0
2023,9,v4 (live),DET,0.6605,0.8905,0.127,0.12025,0.05575,1.0,1.0,0.0,0.0,0.0
2023,9,v4 (live),GB,0.037,0.27425,0.00025,0.01725,0.0065,0.0,1.0,0.0,0.0,0.0
2023,9,v4 (live),HOU,0.20475,0.40125,0.0155,0.036,0.02,1.0,1.0,0.0,0.0,0.0
2023,9,v4 (live),IND,0.0735,0.276,0.002,0.01825,0.0075,0.0,0.0,0.0,0.0,0.0
2023,9,v4 (live),JAX,0.6245,0.7715,0.13425,0.103,0.0515,0.0,0.0,0.0,0.0,0.0
2023,9,v4 (live),KC,0.7755,0.9,0.24825,0.14125,0.068,1.0,1.0,0.0,1.0,1.0
2023,9,v4 (live),LA,0.029,0.15875,0.0,0.01375,0.00475,0.0,1.0,0.0,0.0,0.0
2023,9,v4 (live),LAC,0.16975,0.376,0.0135,0.03875,0.01825,0.0,0.0,0.0,0.0,0.0
2023,9,v4 (live),LV,0.047,0.1115,0.0005,0.004,0.00175,0.0,0.0,0.0,0.0,0.0
2023,9,v4 (live),MIA,0.5135,0.77525,0.0865,0.10275,0.04975,0.0,1.0,0.0,0.0,0.0
2023,9,v4 (live),MIN,0.29225,0.72575,0.025,0.0655,0.03125,0.0,0.0,0.0,0.0,0.0
2023,9,v4 (live),NE,0.00175,0.0135,0.0,0.0015,0.00075,0.0,0.0,0.0,0.0,0.0
2023,9,v4 (live),NO,0.5135,0.64475,0.01075,0.04575,0.01725,0.0,0.0,0.0,0.0,0.0
2023,9,v4 (live),NYG,0.00075,0.017,0.0,0.0005,0.0005,0.0,0.0,0.0,0.0,0.0
2023,9,v4 (live),NYJ,0.0675,0.14425,0.00125,0.00625,0.0025,0.0,0.0,0.0,0.0,0.0
2023,9,v4 (live),PHI,0.82775,0.9965,0.54275,0.24875,0.11325,0.0,1.0,0.0,0.0,0.0
2023,9,v4 (live),PIT,0.10075,0.43475,0.023,0.029,0.01375,0.0,1.0,0.0,0.0,0.0
2023,9,v4 (live),SEA,0.23675,0.645,0.03775,0.06375,0.025,0.0,0.0,0.0,0.0,0.0
2023,9,v4 (live),SF,0.73425,0.9045,0.178,0.2375,0.1325,1.0,1.0,1.0,1.0,0.0
2023,9,v4 (live),TB,0.17275,0.293,0.0005,0.025,0.00825,1.0,1.0,0.0,0.0,0.0
2023,9,v4 (live),TEN,0.09725,0.16875,0.00075,0.01575,0.00875,0.0,0.0,0.0,0.0,0.0
2023,9,v4 (live),WAS,0.00125,0.11775,0.0,0.00625,0.0025,0.0,0.0,0.0,0.0,0.0
2023,9,v3 (challenger),ARI,0.0,0.00075,0.0,0.0,0.0,0.0,0.0,0.0,0.0,0.0
2023,9,v3 (challenger),ATL,0.3075,0.41925,0.0005,0.019,0.0035,0.0,0.0,0.0,0.0,0.0
2023,9,v3 (challenger),BAL,0.751,0.95175,0.387,0.28925,0.17425,1.0,1.0,1.0,0.0,0.0
2023,9,v3 (challenger),BUF,0.4535,0.756,0.0335,0.16775,0.10525,1.0,1.0,0.0,0.0,0.0
2023,9,v3 (challenger),CAR,0.0045,0.0075,0.0,0.0005,0.0,0.0,0.0,0.0,0.0,0.0
2023,9,v3 (challenger),CHI,0.00575,0.03775,0.0,0.00125,0.0,0.0,0.0,0.0,0.0,0.0
2023,9,v3 (challenger),CIN,0.0865,0.465,0.03375,0.0525,0.02725,0.0,0.0,0.0,0.0,0.0
2023,9,v3 (challenger),CLE,0.082,0.5135,0.02675,0.03075,0.0125,0.0,1.0,0.0,0.0,0.0
2023,9,v3 (challenger),DAL,0.13325,0.87425,0.06275,0.14025,0.063,1.0,1.0,0.0,0.0,0.0
2023,9,v3 (challenger),DEN,0.00325,0.0215,0.0,0.00075,0.0,0.0,0.0,0.0,0.0,0.0
2023,9,v3 (challenger),DET,0.68625,0.922,0.11225,0.111,0.047,1.0,1.0,0.0,0.0,0.0
2023,9,v3 (challenger),GB,0.03275,0.264,0.0,0.01175,0.00275,0.0,1.0,0.0,0.0,0.0
2023,9,v3 (challenger),HOU,0.196,0.3965,0.01225,0.02975,0.0135,1.0,1.0,0.0,0.0,0.0
2023,9,v3 (challenger),IND,0.0625,0.26275,0.00075,0.01425,0.00625,0.0,0.0,0.0,0.0,0.0
2023,9,v3 (challenger),JAX,0.66775,0.80325,0.11675,0.09275,0.04925,0.0,0.0,0.0,0.0,0.0
2023,9,v3 (challenger),KC,0.83875,0.9295,0.264,0.13875,0.06575,1.0,1.0,0.0,1.0,1.0
2023,9,v3 (challenger),LA,0.0135,0.11825,0.0,0.006,0.00175,0.0,1.0,0.0,0.0,0.0
2023,9,v3 (challenger),LAC,0.1275,0.3465,0.0085,0.026,0.0115,0.0,0.0,0.0,0.0,0.0
2023,9,v3 (challenger),LV,0.0305,0.08,0.0005,0.00275,0.0005,0.0,0.0,0.0,0.0,0.0
2023,9,v3 (challenger),MIA,0.5145,0.8375,0.097,0.115,0.05725,0.0,1.0,0.0,0.0,0.0
2023,9,v3 (challenger),MIN,0.27525,0.74975,0.01075,0.05425,0.02175,0.0,0.0,0.0,0.0,0.0
2023,9,v3 (challenger),NE,0.00025,0.00575,0.0,0.00025,0.0,0.0,0.0,0.0,0.0,0.0
2023,9,v3 (challenger),NO,0.53425,0.6675,0.011,0.04075,0.01325,0.0,0.0,0.0,0.0,0.0
2023,9,v3 (challenger),NYG,0.0,0.00325,0.0,0.0,0.0,0.0,0.0,0.0,0.0,0.0
2023,9,v3 (challenger),NYJ,0.03175,0.0885,0.00025,0.00175,0.0005,0.0,0.0,0.0,0.0,0.0
2023,9,v3 (challenger),PHI,0.86675,0.9975,0.594,0.275,0.1325,0.0,1.0,0.0,0.0,0.0
2023,9,v3 (challenger),PIT,0.0805,0.41175,0.01775,0.026,0.01075,0.0,1.0,0.0,0.0,0.0
2023,9,v3 (challenger),SEA,0.195,0.65425,0.0275,0.05225,0.01975,0.0,0.0,0.0,0.0,0.0
2023,9,v3 (challenger),SF,0.7915,0.96,0.18075,0.27625,0.15025,1.0,1.0,1.0,1.0,0.0
2023,9,v3 (challenger),TB,0.15375,0.2625,0.0005,0.01,0.00425,1.0,1.0,0.0,0.0,0.0
2023,9,v3 (challenger),TEN,0.07375,0.13025,0.00125,0.01175,0.00575,0.0,0.0,0.0,0.0,0.0
2023,9,v3 (challenger),WAS,0.0,0.0615,0.0,0.00175,0.0,0.0,0.0,0.0,0.0,0.0
2023,13,v4 (live),ARI,0.0,0.0,0.0,0.0,0.0,0.0,0.0,0.0,0.0,0.0
2023,13,v4 (live),ATL,0.555,0.5945,0.0,0.02075,0.00625,0.0,0.0,0.0,0.0,0.0
2023,13,v4 (live),BAL,0.8205,0.9785,0.37475,0.279,0.14625,1.0,1.0,1.0,0.0,0.0
2023,13,v4 (live),BUF,0.107,0.29875,0.0,0.065,0.0375,1.0,1.0,0.0,0.0,0.0
2023,13,v4 (live),CAR,0.0,0.0,0.0,0.0,0.0,0.0,0.0,0.0,0.0,0.0
2023,13,v4 (live),CHI,0.0,0.03,0.0,0.0005,0.00025,0.0,0.0,0.0,0.0,0.0
2023,13,v4 (live),CIN,0.00825,0.2995,0.00025,0.03325,0.014,0.0,0.0,0.0,0.0,0.0
2023,13,v4 (live),CLE,0.08325,0.58525,0.00675,0.03625,0.01025,0.0,1.0,0.0,0.0,0.0
2023,13,v4 (live),DAL,0.26925,0.99575,0.09,0.1765,0.1005,1.0,1.0,0.0,0.0,0.0
2023,13,v4 (live),DEN,0.04125,0.15175,0.0,0.00775,0.00125,0.0,0.0,0.0,0.0,0.0
2023,13,v4 (live),DET,0.84925,0.97625,0.0625,0.10325,0.0465,1.0,1.0,0.0,0.0,0.0
2023,13,v4 (live),GB,0.049,0.6205,0.0,0.029,0.01225,0.0,1.0,0.0,0.0,0.0
2023,13,v4 (live),HOU,0.16225,0.61675,0.0075,0.035,0.01375,1.0,1.0,0.0,0.0,0.0
2023,13,v4 (live),IND,0.15,0.5675,0.00875,0.0325,0.0125,0.0,0.0,0.0,0.0,0.0
2023,13,v4 (live),JAX,0.686,0.89,0.095,0.095,0.04,0.0,0.0,0.0,0.0,0.0
2023,13,v4 (live),KC,0.87675,0.93575,0.17875,0.1495,0.0645,1.0,1.0,0.0,1.0,1.0
2023,13,v4 (live),LA,0.015,0.401,0.0,0.021,0.011,0.0,1.0,0.0,0.0,0.0
2023,13,v4 (live),LAC,0.06075,0.1525,0.0,0.01975,0.00975,0.0,0.0,0.0,0.0,0.0
2023,13,v4 (live),LV,0.02125,0.04725,0.0,0.00225,0.001,0.0,0.0,0.0,0.0,0.0
2023,13,v4 (live),MIA,0.893,0.97725,0.31625,0.21475,0.09525,0.0,1.0,0.0,0.0,0.0
2023,13,v4 (live),MIN,0.10175,0.49175,0.0,0.028,0.0135,0.0,0.0,0.0,0.0,0.0
2023,13,v4 (live),NE,0.0,0.0,0.0,0.0,0.0,0.0,0.0,0.0,0.0,0.0
2023,13,v4 (live),NO,0.20725,0.27375,0.0,0.0145,0.005,0.0,0.0,0.0,0.0,0.0
2023,13,v4 (live),NYG,0.0,0.01325,0.0,0.00025,0.00025,0.0,0.0,0.0,0.0,0.0
2023,13,v4 (live),NYJ,0.0,0.003,0.0,0.0,0.0,0.0,0.0,0.0,0.0,0.0
2023,13,v4 (live),PHI,0.73075,0.9995,0.39375,0.17175,0.07725,0.0,1.0,0.0,0.0,0.0
2023,13,v4 (live),PIT,0.088,0.489,0.012,0.0285,0.0115,0.0,1.0,0.0,0.0,0.0
2023,13,v4 (live),SEA,0.0025,0.306,0.0,0.0155,0.009,0.0,0.0,0.0,0.0,0.0
2023,13,v4 (live),SF,0.9825,0.9985,0.45375,0.40375,0.25375,1.0,1.0,1.0,1.0,0.0
2023,13,v4 (live),TB,0.23775,0.298,0.0,0.015,0.0065,1.0,1.0,0.0,0.0,0.0
2023,13,v4 (live),TEN,0.00175,0.00725,0.0,0.0015,0.0005,0.0,0.0,0.0,0.0,0.0
2023,13,v4 (live),WAS,0.0,0.00125,0.0,0.00025,0.0,0.0,0.0,0.0,0.0,0.0
2023,13,v3 (challenger),ARI,0.0,0.0,0.0,0.0,0.0,0.0,0.0,0.0,0.0,0.0
2023,13,v3 (challenger),ATL,0.56275,0.59425,0.0,0.0145,0.00325,0.0,0.0,0.0,0.0,0.0
2023,13,v3 (challenger),BAL,0.852,0.98375,0.3775,0.3065,0.15525,1.0,1.0,1.0,0.0,0.0
2023,13,v3 (challenger),BUF,0.091,0.373,0.00025,0.07675,0.04075,1.0,1.0,0.0,0.0,0.0
2023,13,v3 (challenger),CAR,0.0,0.0,0.0,0.0,0.0,0.0,0.0,0.0,0.0,0.0
2023,13,v3 (challenger),CHI,0.0,0.01975,0.0,0.0005,0.00025,0.0,0.0,0.0,0.0,0.0
2023,13,v3 (challenger),CIN,0.0055,0.21925,0.00025,0.02225,0.00975,0.0,0.0,0.0,0.0,0.0
2023,13,v3 (challenger),CLE,0.061,0.5925,0.00775,0.02725,0.00975,0.0,1.0,0.0,0.0,0.0
2023,13,v3 (challenger),DAL,0.26225,0.9965,0.085,0.19875,0.10625,1.0,1.0,0.0,0.0,0.0
2023,13,v3 (challenger),DEN,0.01925,0.10275,0.0,0.002,0.0005,0.0,0.0,0.0,0.0,0.0
2023,13,v3 (challenger),DET,0.8805,0.984,0.058,0.09275,0.043,1.0,1.0,0.0,0.0,0.0
2023,13,v3 (challenger),GB,0.05325,0.65,0.0,0.026,0.0115,0.0,1.0,0.0,0.0,0.0
2023,13,v3 (challenger),HOU,0.16325,0.647,0.0065,0.0395,0.01575,1.0,1.0,0.0,0.0,0.0
2023,13,v3 (challenger),IND,0.13025,0.5875,0.00525,0.023,0.005,0.0,0.0,0.0,0.0,0.0
2023,13,v3 (challenger),JAX,0.7065,0.914,0.0705,0.09475,0.0375,0.0,0.0,0.0,0.0,0.0
2023,13,v3 (challenger),KC,0.9175,0.95925,0.17925,0.1385,0.0585,1.0,1.0,0.0,1.0,1.0
2023,13,v3 (challenger),LA,0.008,0.41675,0.0,0.01775,0.007,0.0,1.0,0.0,0.0,0.0
2023,13,v3 (challenger),LAC,0.04975,0.15975,0.0,0.013,0.006,0.0,0.0,0.0,0.0,0.0
2023,13,v3 (challenger),LV,0.0135,0.03025,0.0,0.00075,0.0,0.0,0.0,0.0,0.0,0.0
2023,13,v3 (challenger),MIA,0.909,0.98925,0.34825,0.2345,0.10725,0.0,1.0,0.0,0.0,0.0
2023,13,v3 (challenger),MIN,0.06625,0.51725,0.0,0.02375,0.01075,0.0,0.0,0.0,0.0,0.0
2023,13,v3 (challenger),NE,0.0,0.0,0.0,0.0,0.0,0.0,0.0,0.0,0.0,0.0
2023,13,v3 (challenger),NO,0.2005,0.26675,0.0,0.0075,0.00175,0.0,0.0,0.0,0.0,0.0
2023,13,v3 (challenger),NYG,0.0,0.0055,0.0,0.0,0.0,0.0,0.0,0.0,0.0,0.0
2023,13,v3 (challenger),NYJ,0.0,0.00025,0.0,0.0,0.0,0.0,0.0,0.0,0.0,0.0
2023,13,v3 (challenger),PHI,0.73775,0.99975,0.39625,0.17025,0.081,0.0,1.0,0.0,0.0,0.0
2023,13,v3 (challenger),PIT,0.0815,0.439,0.0045,0.02125,0.00775,0.0,1.0,0.0,0.0,0.0
2023,13,v3 (challenger),SEA,0.001,0.263,0.0,0.00975,0.00375,0.0,0.0,0.0,0.0,0.0
2023,13,v3 (challenger),SF,0.991,0.9995,0.46075,0.43175,0.2755,1.0,1.0,1.0,1.0,0.0
2023,13,v3 (challenger),TB,0.23675,0.287,0.0,0.00675,0.00225,1.0,1.0,0.0,0.0,0.0
2023,13,v3 (challenger),TEN,0.0,0.0025,0.0,0.0,0.0,0.0,0.0,0.0,0.0,0.0
2023,13,v3 (challenger),WAS,0.0,0.0,0.0,0.0,0.0,0.0,0.0,0.0,0.0,0.0
2024,0,v4 (live),ARI,0.13425,0.3285,0.0335,0.03425,0.01575,0.0,0.0,0.0,0.0,0.0
2024,0,v4 (live),ATL,0.20875,0.35175,0.03775,0.0375,0.017,0.0,0.0,0.0,0.0,0.0
2024,0,v4 (live),BAL,0.464,0.71775,0.19375,0.18425,0.10175,1.0,1.0,0.0,0.0,0.0
2024,0,v4 (live),BUF,0.378,0.591,0.10175,0.1125,0.0605,1.0,1.0,0.0,0.0,0.0
2024,0,v4 (live),CAR,0.1445,0.25575,0.0205,0.02075,0.0095,0.0,0.0,0.0,0.0,0.0
2024,0,v4 (live),CHI,0.2155,0.422,0.046,0.04975,0.02125,0.0,0.0,0.0,0.0,0.0
2024,0,v4 (live),CIN,0.20225,0.45175,0.0625,0.06325,0.03075,0.0,0.0,0.0,0.0,0.0
2024,0,v4 (live),CLE,0.168,0.4135,0.05775,0.05575,0.025,0.0,0.0,0.0,0.0,0.0
2024,0,v4 (live),DAL,0.496,0.691,0.1615,0.14475,0.07675,0.0,0.0,0.0,0.0,0.0
2024,0,v4 (live),DEN,0.251,0.404,0.04175,0.04725,0.02275,0.0,1.0,0.0,0.0,0.0
2024,0,v4 (live),DET,0.33225,0.542,0.083,0.09425,0.04825,1.0,1.0,1.0,0.0,0.0
2024,0,v4 (live),GB,0.24175,0.4485,0.053,0.0615,0.0305,0.0,1.0,0.0,0.0,0.0
2024,0,v4 (live),HOU,0.26275,0.43475,0.0535,0.05675,0.0295,1.0,1.0,0.0,0.0,0.0
2024,0,v4 (live),IND,0.24825,0.41775,0.051,0.04525,0.0195,0.0,0.0,0.0,0.0,0.0
2024,0,v4 (live),JAX,0.2515,0.41775,0.05025,0.04625,0.02325,0.0,0.0,0.0,0.0,0.0
2024,0,v4 (live),KC,0.2795,0.457,0.0545,0.062,0.033,1.0,1.0,1.0,1.0,0.0
2024,0,v4 (live),LA,0.19975,0.44375,0.05875,0.05875,0.03025,1.0,1.0,0.0,0.0,0.0
2024,0,v4 (live),LAC,0.23,0.3885,0.04525,0.0395,0.0185,0.0,1.0,0.0,0.0,0.0
2024,0,v4 (live),LV,0.2395,0.39,0.04625,0.0445,0.02175,0.0,0.0,0.0,0.0,0.0
2024,0,v4 (live),MIA,0.38975,0.596,0.10475,0.1045,0.0525,0.0,0.0,0.0,0.0,0.0
2024,0,v4 (live),MIN,0.2105,0.3955,0.05025,0.04925,0.025,0.0,1.0,0.0,0.0,0.0
2024,0,v4 (live),NE,0.10175,0.22575,0.01325,0.01625,0.00525,0.0,0.0,0.0,0.0,0.0
2024,0,v4 (live),NO,0.34925,0.51275,0.064,0.0615,0.026,0.0,0.0,0.0,0.0,0.0
2024,0,v4 (live),NYG,0.1335,0.2945,0.029,0.026,0.01275,0.0,0.0,0.0,0.0,0.0
2024,0,v4 (live),NYJ,0.1305,0.28,0.02025,0.0245,0.01225,0.0,0.0,0.0,0.0,0.0
2024,0,v4 (live),PHI,0.2665,0.48375,0.065,0.05675,0.02725,1.0,1.0,0.0,1.0,1.0
2024,0,v4 (live),PIT,0.16575,0.4115,0.05175,0.04975,0.02175,0.0,1.0,0.0,0.0,0.0
2024,0,v4 (live),SEA,0.16925,0.38725,0.0465,0.04625,0.0215,0.0,0.0,0.0,0.0,0.0
2024,0,v4 (live),SF,0.49675,0.7335,0.18425,0.18625,0.107,0.0,0.0,0.0,0.0,0.0
2024,0,v4 (live),TB,0.2975,0.4715,0.05275,0.0555,0.02425,1.0,1.0,0.0,0.0,0.0
2024,0,v4 (live),TEN,0.2375,0.403,0.05175,0.04775,0.02225,0.0,0.0,0.0,0.0,0.0
2024,0,v4 (live),WAS,0.104,0.238,0.01425,0.017,0.00675,0.0,1.0,0.0,0.0,0.0
2024,0,v3 (challenger),ARI,0.09975,0.2935,0.0185,0.02275,0.00925,0.0,0.0,0.0,0.0,0.0
2024,0,v3 (challenger),ATL,0.19875,0.3265,0.02475,0.027,0.01025,0.0,0.0,0.0,0.0,0.0
2024,0,v3 (challenger),BAL,0.53,0.79375,0.26275,0.234,0.139,1.0,1.0,0.0,0.0,0.0
2024,0,v3 (challenger),BUF,0.411,0.64475,0.1135,0.1195,0.06575,1.0,1.0,0.0,0.0,0.0
2024,0,v3 (challenger),CAR,0.1085,0.202,0.01025,0.0095,0.00375,0.0,0.0,0.0,0.0,0.0
2024,0,v3 (challenger),CHI,0.217,0.41,0.04125,0.041,0.01425,0.0,0.0,0.0,0.0,0.0
2024,0,v3 (challenger),CIN,0.1905,0.46425,0.06625,0.06425,0.0305,0.0,0.0,0.0,0.0,0.0
2024,0,v3 (challenger),CLE,0.1475,0.392,0.0525,0.05125,0.02875,0.0,0.0,0.0,0.0,0.0
2024,0,v3 (challenger),DAL,0.58325,0.77075,0.2005,0.17825,0.09375,0.0,0.0,0.0,0.0,0.0
2024,0,v3 (challenger),DEN,0.24925,0.3885,0.041,0.032,0.017,0.0,1.0,0.0,0.0,0.0
2024,0,v3 (challenger),DET,0.343,0.55875,0.0855,0.0985,0.046,1.0,1.0,1.0,0.0,0.0
2024,0,v3 (challenger),GB,0.24675,0.4595,0.04475,0.0625,0.02625,0.0,1.0,0.0,0.0,0.0
2024,0,v3 (challenger),HOU,0.25425,0.4245,0.0435,0.05325,0.0235,1.0,1.0,0.0,0.0,0.0
2024,0,v3 (challenger),IND,0.242,0.407,0.03425,0.04025,0.019,0.0,0.0,0.0,0.0,0.0
2024,0,v3 (challenger),JAX,0.25825,0.42625,0.04275,0.055,0.0295,0.0,0.0,0.0,0.0,0.0
2024,0,v3 (challenger),KC,0.2825,0.44225,0.04875,0.0555,0.025,1.0,1.0,1.0,1.0,0.0
2024,0,v3 (challenger),LA,0.18125,0.4395,0.057,0.05975,0.0295,1.0,1.0,0.0,0.0,0.0
2024,0,v3 (challenger),LAC,0.22125,0.37225,0.03425,0.033,0.01525,0.0,1.0,0.0,0.0,0.0
2024,0,v3 (challenger),LV,0.247,0.39825,0.0415,0.04175,0.02,0.0,0.0,0.0,0.0,0.0
2024,0,v3 (challenger),MIA,0.4285,0.66,0.12125,0.114,0.061,0.0,0.0,0.0,0.0,0.0
2024,0,v3 (challenger),MIN,0.19325,0.39375,0.0325,0.04475,0.0185,0.0,1.0,0.0,0.0,0.0
2024,0,v3 (challenger),NE,0.06975,0.16925,0.00625,0.00925,0.00325,0.0,0.0,0.0,0.0,0.0
2024,0,v3 (challenger),NO,0.37075,0.54,0.07175,0.05675,0.026,0.0,0.0,0.0,0.0,0.0
2024,0,v3 (challenger),NYG,0.10325,0.25375,0.015,0.016,0.0055,0.0,0.0,0.0,0.0,0.0
2024,0,v3 (challenger),NYJ,0.09075,0.21675,0.013,0.0135,0.006,0.0,0.0,0.0,0.0,0.0
2024,0,v3 (challenger),PHI,0.24825,0.50375,0.056,0.06,0.029,1.0,1.0,0.0,1.0,1.0
2024,0,v3 (challenger),PIT,0.132,0.39825,0.04225,0.04775,0.02375,0.0,1.0,0.0,0.0,0.0
2024,0,v3 (challenger),SEA,0.1425,0.3835,0.03125,0.03775,0.01675,0.0,0.0,0.0,0.0,0.0
2024,0,v3 (challenger),SF,0.5765,0.8045,0.249,0.2275,0.12175,0.0,0.0,0.0,0.0,0.0
2024,0,v3 (challenger),TB,0.322,0.488,0.05425,0.048,0.02,1.0,1.0,0.0,0.0,0.0
2024,0,v3 (challenger),TEN,0.2455,0.402,0.03625,0.03575,0.01825,0.0,0.0,0.0,0.0,0.0
2024,0,v3 (challenger),WAS,0.06525,0.17225,0.00775,0.01,0.004,0.0,1.0,0.0,0.0,0.0
2024,4,v4 (live),ARI,0.10975,0.1995,0.005,0.01325,0.007,0.0,0.0,0.0,0.0,0.0
2024,4,v4 (live),ATL,0.18325,0.3875,0.03975,0.044,0.021,0.0,0.0,0.0,0.0,0.0
2024,4,v4 (live),BAL,0.434,0.73475,0.12625,0.181,0.09625,1.0,1.0,0.0,0.0,0.0
2024,4,v4 (live),BUF,0.60925,0.774,0.1645,0.133,0.0645,1.0,1.0,0.0,0.0,0.0
2024,4,v4 (live),CAR,0.023,0.068,0.00125,0.00325,0.001,0.0,0.0,0.0,0.0,0.0
2024,4,v4 (live),CHI,0.0625,0.2465,0.02175,0.02325,0.01175,0.0,0.0,0.0,0.0,0.0
2024,4,v4 (live),CIN,0.13375,0.35075,0.016,0.051,0.0215,0.0,0.0,0.0,0.0,0.0
2024,4,v4 (live),CLE,0.023,0.09825,0.00225,0.006,0.0025,0.0,0.0,0.0,0.0,0.0
2024,4,v4 (live),DAL,0.2925,0.457,0.04575,0.0615,0.03075,0.0,0.0,0.0,0.0,0.0
2024,4,v4 (live),DEN,0.16025,0.427,0.032,0.04075,0.018,0.0,1.0,0.0,0.0,0.0
2024,4,v4 (live),DET,0.26325,0.60175,0.09725,0.09025,0.048,1.0,1.0,1.0,0.0,0.0
2024,4,v4 (live),GB,0.1555,0.47775,0.051,0.07275,0.0445,0.0,1.0,0.0,0.0,0.0
2024,4,v4 (live),HOU,0.42925,0.5825,0.07425,0.0585,0.02625,1.0,1.0,0.0,0.0,0.0
2024,4,v4 (live),IND,0.35625,0.54775,0.046,0.067,0.02625,0.0,0.0,0.0,0.0,0.0
2024,4,v4 (live),JAX,0.05975,0.102,0.0005,0.007,0.00325,0.0,0.0,0.0,0.0,0.0
2024,4,v4 (live),KC,0.635,0.86225,0.2885,0.17775,0.088,1.0,1.0,1.0,1.0,0.0
2024,4,v4 (live),LA,0.07825,0.1645,0.0045,0.0165,0.00625,1.0,1.0,0.0,0.0,0.0
2024,4,v4 (live),LAC,0.12425,0.42275,0.025,0.04275,0.01725,0.0,1.0,0.0,0.0,0.0
2024,4,v4 (live),LV,0.0805,0.29625,0.0205,0.02275,0.00775,0.0,0.0,0.0,0.0,0.0
2024,4,v4 (live),MIA,0.0505,0.1495,0.0025,0.009,0.004,0.0,0.0,0.0,0.0,0.0
2024,4,v4 (live),MIN,0.51875,0.8225,0.297,0.1565,0.0845,0.0,1.0,0.0,0.0,0.0
2024,4,v4 (live),NE,0.07125,0.1825,0.0075,0.013,0.004,0.0,0.0,0.0,0.0,0.0
2024,4,v4 (live),NO,0.3455,0.591,0.06675,0.0975,0.0535,0.0,0.0,0.0,0.0,0.0
2024,4,v4 (live),NYG,0.042,0.09525,0.00125,0.00725,0.00325,0.0,0.0,0.0,0.0,0.0
2024,4,v4 (live),NYJ,0.269,0.49725,0.03775,0.04925,0.021,0.0,0.0,0.0,0.0,0.0
2024,4,v4 (live),PHI,0.3215,0.5105,0.0405,0.06025,0.0295,1.0,1.0,0.0,1.0,1.0
2024,4,v4 (live),PIT,0.40925,0.715,0.1455,0.115,0.054,0.0,1.0,0.0,0.0,0.0
2024,4,v4 (live),SEA,0.33,0.50025,0.0565,0.055,0.02975,0.0,0.0,0.0,0.0,0.0
2024,4,v4 (live),SF,0.482,0.655,0.08225,0.148,0.091,0.0,0.0,0.0,0.0,0.0
2024,4,v4 (live),TB,0.44825,0.681,0.1295,0.09925,0.053,1.0,1.0,0.0,0.0,0.0
2024,4,v4 (live),TEN,0.15475,0.2575,0.011,0.02625,0.0115,0.0,0.0,0.0,0.0,0.0
2024,4,v4 (live),WAS,0.344,0.542,0.06,0.0515,0.01925,0.0,1.0,0.0,0.0,0.0
2024,4,v3 (challenger),ARI,0.08225,0.142,0.0025,0.01225,0.0045,0.0,0.0,0.0,0.0,0.0
2024,4,v3 (challenger),ATL,0.15025,0.3585,0.02725,0.028,0.012,0.0,0.0,0.0,0.0,0.0
2024,4,v3 (challenger),BAL,0.49525,0.80025,0.14025,0.2015,0.1185,1.0,1.0,0.0,0.0,0.0
2024,4,v3 (challenger),BUF,0.696,0.83775,0.17675,0.15525,0.0765,1.0,1.0,0.0,0.0,0.0
2024,4,v3 (challenger),CAR,0.00825,0.0265,0.00025,0.001,0.00025,0.0,0.0,0.0,0.0,0.0
2024,4,v3 (challenger),CHI,0.039,0.204,0.0095,0.01425,0.00575,0.0,0.0,0.0,0.0,0.0
2024,4,v3 (challenger),CIN,0.09875,0.32975,0.0105,0.04275,0.0205,0.0,0.0,0.0,0.0,0.0
2024,4,v3 (challenger),CLE,0.0105,0.05175,0.0,0.003,0.00125,0.0,0.0,0.0,0.0,0.0
2024,4,v3 (challenger),DAL,0.296,0.46225,0.032,0.05475,0.02575,0.0,0.0,0.0,0.0,0.0
2024,4,v3 (challenger),DEN,0.117,0.40825,0.0245,0.0345,0.016,0.0,1.0,0.0,0.0,0.0
2024,4,v3 (challenger),DET,0.235,0.63075,0.099,0.098,0.04925,1.0,1.0,1.0,0.0,0.0
2024,4,v3 (challenger),GB,0.14075,0.507,0.046,0.0785,0.0395,0.0,1.0,0.0,0.0,0.0
2024,4,v3 (challenger),HOU,0.45325,0.60425,0.049,0.0605,0.0265,1.0,1.0,0.0,0.0,0.0
2024,4,v3 (challenger),IND,0.383,0.57875,0.041,0.05375,0.026,0.0,0.0,0.0,0.0,0.0
2024,4,v3 (challenger),JAX,0.02625,0.0485,0.0,0.003,0.0015,0.0,0.0,0.0,0.0,0.0
2024,4,v3 (challenger),KC,0.7135,0.91425,0.34725,0.18875,0.094,1.0,1.0,1.0,1.0,0.0
2024,4,v3 (challenger),LA,0.055,0.1065,0.0025,0.00975,0.00425,1.0,1.0,0.0,0.0,0.0
2024,4,v3 (challenger),LAC,0.10725,0.41475,0.0225,0.04225,0.01725,0.0,1.0,0.0,0.0,0.0
2024,4,v3 (challenger),LV,0.06225,0.27425,0.01025,0.01625,0.00475,0.0,0.0,0.0,0.0,0.0
2024,4,v3 (challenger),MIA,0.031,0.116,0.00075,0.00425,0.0015,0.0,0.0,0.0,0.0,0.0
2024,4,v3 (challenger),MIN,0.58525,0.878,0.34825,0.171,0.0865,0.0,1.0,0.0,0.0,0.0
2024,4,v3 (challenger),NE,0.042,0.138,0.00175,0.005,0.002,0.0,0.0,0.0,0.0,0.0
2024,4,v3 (challenger),NO,0.3585,0.6425,0.07375,0.101,0.053,0.0,0.0,0.0,0.0,0.0
2024,4,v3 (challenger),NYG,0.023,0.05225,0.0005,0.00375,0.0005,0.0,0.0,0.0,0.0,0.0
2024,4,v3 (challenger),NYJ,0.231,0.487,0.03,0.041,0.01925,0.0,0.0,0.0,0.0,0.0
2024,4,v3 (challenger),PHI,0.32475,0.509,0.03675,0.05725,0.02925,1.0,1.0,0.0,1.0,1.0
2024,4,v3 (challenger),PIT,0.3955,0.76575,0.14,0.13125,0.065,0.0,1.0,0.0,0.0,0.0
2024,4,v3 (challenger),SEA,0.3285,0.506,0.044,0.05525,0.025,0.0,0.0,0.0,0.0,0.0
2024,4,v3 (challenger),SF,0.53425,0.69625,0.091,0.1575,0.09275,0.0,0.0,0.0,0.0,0.0
2024,4,v3 (challenger),TB,0.483,0.737,0.13625,0.114,0.05575,1.0,1.0,0.0,0.0,0.0
2024,4,v3 (challenger),TEN,0.1375,0.23075,0.0055,0.017,0.00675,0.0,0.0,0.0,0.0,0.0
2024,4,v3 (challenger),WAS,0.35625,0.5415,0.0505,0.04375,0.01875,0.0,1.0,0.0,0.0,0.0
2024,9,v4 (live),ARI,0.4395,0.5305,0.0065,0.0555,0.026,0.0,0.0,0.0,0.0,0.0
2024,9,v4 (live),ATL,0.69025,0.7855,0.0525,0.05725,0.024,0.0,0.0,0.0,0.0,0.0
2024,9,v4 (live),BAL,0.59575,0.951,0.0715,0.2575,0.14775,1.0,1.0,0.0,0.0,0.0
2024,9,v4 (live),BUF,0.9765,0.98525,0.189,0.2035,0.10825,1.0,1.0,0.0,0.0,0.0
2024,9,v4 (live),CAR,0.002,0.00225,0.0,0.0,0.0,0.0,0.0,0.0,0.0,0.0
2024,9,v4 (live),CHI,0.01925,0.118,0.003,0.00725,0.0035,0.0,0.0,0.0,0.0,0.0
2024,9,v4 (live),CIN,0.04525,0.343,0.00025,0.0275,0.01075,0.0,0.0,0.0,0.0,0.0
2024,9,v4 (live),CLE,0.001,0.02,0.0,0.00125,0.00025,0.0,0.0,0.0,0.0,0.0
2024,9,v4 (live),DAL,0.05025,0.128,0.0005,0.011,0.0055,0.0,0.0,0.0,0.0,0.0
2024,9,v4 (live),DEN,0.04125,0.46175,0.0035,0.021,0.00775,0.0,1.0,0.0,0.0,0.0
2024,9,v4 (live),DET,0.6805,0.94875,0.50175,0.29075,0.158,1.0,1.0,1.0,0.0,0.0
2024,9,v4 (live),GB,0.0915,0.65175,0.0335,0.07925,0.041,0.0,1.0,0.0,0.0,0.0
2024,9,v4 (live),HOU,0.74175,0.83925,0.02425,0.049,0.0205,1.0,1.0,0.0,0.0,0.0
2024,9,v4 (live),IND,0.1665,0.42675,0.00075,0.02425,0.00925,0.0,0.0,0.0,0.0,0.0
2024,9,v4 (live),JAX,0.04275,0.08125,0.0,0.0045,0.00125,0.0,0.0,0.0,0.0,0.0
2024,9,v4 (live),KC,0.8855,0.9945,0.61525,0.25125,0.12625,1.0,1.0,1.0,1.0,0.0
2024,9,v4 (live),LA,0.214,0.32575,0.0015,0.033,0.01275,1.0,1.0,0.0,0.0,0.0
2024,9,v4 (live),LAC,0.073,0.69925,0.018,0.04525,0.01825,0.0,1.0,0.0,0.0,0.0
2024,9,v4 (live),LV,0.00025,0.0195,0.0,0.0005,0.00025,0.0,0.0,0.0,0.0,0.0
2024,9,v4 (live),MIA,0.00275,0.095,0.0,0.003,0.00125,0.0,0.0,0.0,0.0,0.0
2024,9,v4 (live),MIN,0.20875,0.78625,0.12475,0.11825,0.06425,0.0,1.0,0.0,0.0,0.0
2024,9,v4 (live),NE,0.0055,0.01325,0.0,0.001,0.00025,0.0,0.0,0.0,0.0,0.0
2024,9,v4 (live),NO,0.01,0.02475,0.0,0.00225,0.001,0.0,0.0,0.0,0.0,0.0
2024,9,v4 (live),NYG,0.00025,0.0045,0.0,0.00025,0.00025,0.0,0.0,0.0,0.0,0.0
2024,9,v4 (live),NYJ,0.01525,0.12975,0.0,0.006,0.00125,0.0,0.0,0.0,0.0,0.0
2024,9,v4 (live),PHI,0.4065,0.73625,0.08675,0.0825,0.04,1.0,1.0,0.0,1.0,1.0
2024,9,v4 (live),PIT,0.358,0.8505,0.0775,0.10125,0.043,0.0,1.0,0.0,0.0,0.0
2024,9,v4 (live),SEA,0.0795,0.12475,0.00075,0.01375,0.00575,0.0,0.0,0.0,0.0,0.0
2024,9,v4 (live),SF,0.267,0.4005,0.00725,0.0675,0.037,0.0,0.0,0.0,0.0,0.0
2024,9,v4 (live),TB,0.29775,0.58725,0.0065,0.07875,0.04,1.0,1.0,0.0,0.0,0.0
2024,9,v4 (live),TEN,0.049,0.09,0.0,0.00325,0.00075,0.0,0.0,0.0,0.0,0.0
2024,9,v4 (live),WAS,0.543,0.84525,0.17475,0.10275,0.044,0.0,1.0,0.0,0.0,0.0
2024,9,v3 (challenger),ARI,0.457,0.53525,0.004,0.042,0.017,0.0,0.0,0.0,0.0,0.0
2024,9,v3 (challenger),ATL,0.7135,0.79825,0.047,0.0555,0.01675,0.0,0.0,0.0,0.0,0.0
2024,9,v3 (challenger),BAL,0.6395,0.9735,0.05725,0.28275,0.17525,1.0,1.0,0.0,0.0,0.0
2024,9,v3 (challenger),BUF,0.9935,0.996,0.173,0.21575,0.1185,1.0,1.0,0.0,0.0,0.0
2024,9,v3 (challenger),CAR,0.00025,0.00025,0.0,0.0,0.0,0.0,0.0,0.0,0.0,0.0
2024,9,v3 (challenger),CHI,0.006,0.08575,0.0005,0.006,0.003,0.0,0.0,0.0,0.0,0.0
2024,9,v3 (challenger),CIN,0.029,0.32475,0.00025,0.01925,0.00675,0.0,0.0,0.0,0.0,0.0
2024,9,v3 (challenger),CLE,0.00025,0.006,0.0,0.00025,0.0,0.0,0.0,0.0,0.0,0.0
2024,9,v3 (challenger),DAL,0.0265,0.07175,0.0,0.00475,0.001,0.0,0.0,0.0,0.0,0.0
2024,9,v3 (challenger),DEN,0.0205,0.44625,0.00225,0.0115,0.00425,0.0,1.0,0.0,0.0,0.0
2024,9,v3 (challenger),DET,0.729,0.9765,0.5525,0.33725,0.18425,1.0,1.0,1.0,0.0,0.0
2024,9,v3 (challenger),GB,0.0685,0.662,0.0315,0.081,0.037,0.0,1.0,0.0,0.0,0.0
2024,9,v3 (challenger),HOU,0.7995,0.874,0.0135,0.04475,0.0185,1.0,1.0,0.0,0.0,0.0
2024,9,v3 (challenger),IND,0.14575,0.41625,0.0,0.01775,0.0085,0.0,0.0,0.0,0.0,0.0
2024,9,v3 (challenger),JAX,0.027,0.06325,0.0,0.00225,0.001,0.0,0.0,0.0,0.0,0.0
2024,9,v3 (challenger),KC,0.931,0.999,0.68625,0.257,0.1315,1.0,1.0,1.0,1.0,0.0
2024,9,v3 (challenger),LA,0.2075,0.281,0.00125,0.02325,0.00825,1.0,1.0,0.0,0.0,0.0
2024,9,v3 (challenger),LAC,0.0485,0.765,0.01625,0.046,0.01925,0.0,1.0,0.0,0.0,0.0
2024,9,v3 (challenger),LV,0.0,0.01025,0.0,0.0005,0.0,0.0,0.0,0.0,0.0,0.0
2024,9,v3 (challenger),MIA,0.00075,0.07275,0.0,0.001,0.00025,0.0,0.0,0.0,0.0,0.0
2024,9,v3 (challenger),MIN,0.1965,0.82475,0.1195,0.122,0.0555,0.0,1.0,0.0,0.0,0.0
2024,9,v3 (challenger),NE,0.0005,0.0025,0.0,0.0,0.0,0.0,0.0,0.0,0.0,0.0
2024,9,v3 (challenger),NO,0.00425,0.01125,0.0,0.001,0.00025,0.0,0.0,0.0,0.0,0.0
2024,9,v3 (challenger),NYG,0.0,0.0015,0.0,0.0,0.0,0.0,0.0,0.0,0.0,0.0
2024,9,v3 (challenger),NYJ,0.00525,0.09225,0.0,0.0025,0.00125,0.0,0.0,0.0,0.0,0.0
2024,9,v3 (challenger),PHI,0.3945,0.76625,0.07325,0.07875,0.033,1.0,1.0,0.0,1.0,1.0
2024,9,v3 (challenger),PIT,0.33125,0.90375,0.05125,0.09725,0.04725,0.0,1.0,0.0,0.0,0.0
2024,9,v3 (challenger),SEA,0.05575,0.08175,0.00025,0.008,0.0035,0.0,0.0,0.0,0.0,0.0
2024,9,v3 (challenger),SF,0.27975,0.41325,0.007,0.06375,0.032,0.0,0.0,0.0,0.0,0.0
2024,9,v3 (challenger),TB,0.282,0.59975,0.00375,0.07675,0.034,1.0,1.0,0.0,0.0,0.0
2024,9,v3 (challenger),TEN,0.02775,0.0545,0.0,0.0015,0.00075,0.0,0.0,0.0,0.0,0.0
2024,9,v3 (challenger),WAS,0.579,0.89075,0.1595,0.1,0.0415,0.0,1.0,0.0,0.0,0.0
2024,13,v4 (live),ARI,0.4365,0.45525,0.0,0.04375,0.01975,0.0,0.0,0.0,0.0,0.0
2024,13,v4 (live),ATL,0.3905,0.44425,0.0,0.01925,0.00875,0.0,0.0,0.0,0.0,0.0
2024,13,v4 (live),BAL,0.39,0.97375,0.0015,0.206,0.11125,1.0,1.0,0.0,0.0,0.0
2024,13,v4 (live),BUF,1.0,1.0,0.477,0.3415,0.17775,1.0,1.0,0.0,0.0,0.0
2024,13,v4 (live),CAR,0.0,0.0,0.0,0.0,0.0,0.0,0.0,0.0,0.0,0.0
2024,13,v4 (live),CHI,0.0,0.00075,0.0,0.0,0.0,0.0,0.0,0.0,0.0,0.0
2024,13,v4 (live),CIN,0.0,0.023,0.0,0.00225,0.00075,0.0,0.0,0.0,0.0,0.0
2024,13,v4 (live),CLE,0.0,0.0005,0.0,0.0,0.0,0.0,0.0,0.0,0.0,0.0
2024,13,v4 (live),DAL,0.0,0.0295,0.0,0.001,0.00025,0.0,0.0,0.0,0.0,0.0
2024,13,v4 (live),DEN,0.012,0.733,0.0,0.04075,0.016,0.0,1.0,0.0,0.0,0.0
2024,13,v4 (live),DET,0.806,1.0,0.663,0.39775,0.238,1.0,1.0,1.0,0.0,0.0
2024,13,v4 (live),GB,0.053,0.9615,0.01775,0.1095,0.062,0.0,1.0,0.0,0.0,0.0
2024,13,v4 (live),HOU,0.90875,0.93325,0.0015,0.04775,0.01825,1.0,1.0,0.0,0.0,0.0
2024,13,v4 (live),IND,0.0855,0.32225,0.0,0.018,0.008,0.0,0.0,0.0,0.0,0.0
2024,13,v4 (live),JAX,0.0,0.0,0.0,0.0,0.0,0.0,0.0,0.0,0.0,0.0
2024,13,v4 (live),KC,0.9305,1.0,0.46125,0.19825,0.083,1.0,1.0,1.0,1.0,0.0
2024,13,v4 (live),LA,0.2185,0.2325,0.0,0.0185,0.00775,1.0,1.0,0.0,0.0,0.0
2024,13,v4 (live),LAC,0.0575,0.88075,0.00275,0.05125,0.01625,0.0,1.0,0.0,0.0,0.0
2024,13,v4 (live),LV,0.0,0.0,0.0,0.0,0.0,0.0,0.0,0.0,0.0,0.0
2024,13,v4 (live),MIA,0.0,0.144,0.0,0.00725,0.00275,0.0,0.0,0.0,0.0,0.0
2024,13,v4 (live),MIN,0.141,0.9845,0.1025,0.09725,0.0495,0.0,1.0,0.0,0.0,0.0
2024,13,v4 (live),NE,0.0,0.0,0.0,0.0,0.0,0.0,0.0,0.0,0.0,0.0
2024,13,v4 (live),NO,0.00925,0.01475,0.0,0.001,0.00075,0.0,0.0,0.0,0.0,0.0
2024,13,v4 (live),NYG,0.0,0.0,0.0,0.0,0.0,0.0,0.0,0.0,0.0,0.0
2024,13,v4 (live),NYJ,0.0,0.00075,0.0,0.00025,0.00025,0.0,0.0,0.0,0.0,0.0
2024,13,v4 (live),PHI,0.95,0.9995,0.21675,0.15725,0.0745,1.0,1.0,0.0,1.0,1.0
2024,13,v4 (live),PIT,0.61,0.98075,0.056,0.086,0.03325,0.0,1.0,0.0,0.0,0.0
2024,13,v4 (live),SEA,0.30075,0.351,0.0,0.0265,0.011,0.0,0.0,0.0,0.0,0.0
2024,13,v4 (live),SF,0.04425,0.06875,0.0,0.009,0.0045,0.0,0.0,0.0,0.0,0.0
2024,13,v4 (live),TB,0.60025,0.71125,0.0,0.07425,0.037,1.0,1.0,0.0,0.0,0.0
2024,13,v4 (live),TEN,0.00575,0.008,0.0,0.00075,0.00025,0.0,0.0,0.0,0.0,0.0
2024,13,v4 (live),WAS,0.05,0.7465,0.0,0.045,0.0185,0.0,1.0,0.0,0.0,0.0
2024,13,v3 (challenger),ARI,0.446,0.4595,0.0,0.04175,0.01775,0.0,0.0,0.0,0.0,0.0
2024,13,v3 (challenger),ATL,0.39475,0.4565,0.0,0.0135,0.0045,0.0,0.0,0.0,0.0,0.0
2024,13,v3 (challenger),BAL,0.434,0.97825,0.00075,0.2355,0.134,1.0,1.0,0.0,0.0,0.0
2024,13,v3 (challenger),BUF,1.0,1.0,0.50575,0.35475,0.186,1.0,1.0,0.0,0.0,0.0
2024,13,v3 (challenger),CAR,0.00075,0.00075,0.0,0.0,0.0,0.0,0.0,0.0,0.0,0.0
2024,13,v3 (challenger),CHI,0.0,0.0,0.0,0.0,0.0,0.0,0.0,0.0,0.0,0.0
2024,13,v3 (challenger),CIN,0.0,0.02475,0.0,0.0015,0.00025,0.0,0.0,0.0,0.0,0.0
2024,13,v3 (challenger),CLE,0.0,0.00025,0.0,0.0,0.0,0.0,0.0,0.0,0.0,0.0
2024,13,v3 (challenger),DAL,0.00025,0.012,0.0,0.00025,0.0,0.0,0.0,0.0,0.0,0.0
2024,13,v3 (challenger),DEN,0.0095,0.73725,0.0,0.03425,0.01275,0.0,1.0,0.0,0.0,0.0
2024,13,v3 (challenger),DET,0.84625,1.0,0.72075,0.4435,0.26775,1.0,1.0,1.0,0.0,0.0
2024,13,v3 (challenger),GB,0.03575,0.9675,0.01275,0.116,0.056,0.0,1.0,0.0,0.0,0.0
2024,13,v3 (challenger),HOU,0.91775,0.9365,0.00075,0.044,0.01475,1.0,1.0,0.0,0.0,0.0
2024,13,v3 (challenger),IND,0.078,0.29025,0.0,0.013,0.00525,0.0,0.0,0.0,0.0,0.0
2024,13,v3 (challenger),JAX,0.0,0.0,0.0,0.0,0.0,0.0,0.0,0.0,0.0,0.0
2024,13,v3 (challenger),KC,0.936,1.0,0.46325,0.1845,0.0775,1.0,1.0,1.0,1.0,0.0
2024,13,v3 (challenger),LA,0.204,0.21425,0.0,0.014,0.005,1.0,1.0,0.0,0.0,0.0
2024,13,v3 (challenger),LAC,0.0545,0.907,0.00425,0.05075,0.0195,0.0,1.0,0.0,0.0,0.0
2024,13,v3 (challenger),LV,0.0,0.0,0.0,0.0,0.0,0.0,0.0,0.0,0.0,0.0
2024,13,v3 (challenger),MIA,0.0,0.13925,0.0,0.004,0.00125,0.0,0.0,0.0,0.0,0.0
2024,13,v3 (challenger),MIN,0.118,0.98825,0.06225,0.09075,0.043,0.0,1.0,0.0,0.0,0.0
2024,13,v3 (challenger),NE,0.0,0.0,0.0,0.0,0.0,0.0,0.0,0.0,0.0,0.0
2024,13,v3 (challenger),NO,0.005,0.00725,0.0,0.0,0.0,0.0,0.0,0.0,0.0,0.0
2024,13,v3 (challenger),NYG,0.0,0.0,0.0,0.0,0.0,0.0,0.0,0.0,0.0,0.0
2024,13,v3 (challenger),NYJ,0.0,0.00025,0.0,0.0,0.0,0.0,0.0,0.0,0.0,0.0
2024,13,v3 (challenger),PHI,0.965,0.999,0.204,0.15075,0.0715,1.0,1.0,0.0,1.0,1.0
2024,13,v3 (challenger),PIT,0.566,0.98075,0.02525,0.07775,0.029,0.0,1.0,0.0,0.0,0.0
2024,13,v3 (challenger),SEA,0.3035,0.34125,0.00025,0.01775,0.005,0.0,0.0,0.0,0.0,0.0
2024,13,v3 (challenger),SF,0.0465,0.054,0.0,0.0035,0.0015,0.0,0.0,0.0,0.0,0.0
2024,13,v3 (challenger),TB,0.5995,0.713,0.0,0.06675,0.02925,1.0,1.0,0.0,0.0,0.0
2024,13,v3 (challenger),TEN,0.00425,0.0055,0.0,0.0,0.0,0.0,0.0,0.0,0.0,0.0
2024,13,v3 (challenger),WAS,0.03475,0.78675,0.0,0.0415,0.0185,0.0,1.0,0.0,0.0,0.0
2025,0,v4 (live),ARI,0.285,0.4885,0.06425,0.0545,0.027,0.0,0.0,0.0,0.0,0.0
2025,0,v4 (live),ATL,0.23175,0.41675,0.05075,0.04525,0.01825,0.0,0.0,0.0,0.0,0.0
2025,0,v4 (live),BAL,0.4585,0.69175,0.15475,0.16175,0.0895,0.0,0.0,0.0,0.0,0.0
2025,0,v4 (live),BUF,0.47675,0.6585,0.1235,0.117,0.06125,0.0,1.0,0.0,0.0,0.0
2025,0,v4 (live),CAR,0.0845,0.19,0.0135,0.01175,0.005,1.0,1.0,0.0,0.0,0.0
2025,0,v4 (live),CHI,0.10275,0.284,0.02375,0.0305,0.01625,1.0,1.0,0.0,0.0,0.0
2025,0,v4 (live),CIN,0.20725,0.437,0.05675,0.06025,0.027,0.0,0.0,0.0,0.0,0.0
2025,0,v4 (live),CLE,0.086,0.2055,0.01825,0.01775,0.0055,0.0,0.0,0.0,0.0,0.0
2025,0,v4 (live),DAL,0.12075,0.2415,0.01925,0.018,0.00675,0.0,0.0,0.0,0.0,0.0
2025,0,v4 (live),DEN,0.32025,0.58775,0.10575,0.10775,0.05125,1.0,1.0,1.0,0.0,0.0
2025,0,v4 (live),DET,0.4185,0.68325,0.16225,0.17875,0.1055,0.0,0.0,0.0,0.0,0.0
2025,0,v4 (live),GB,0.24925,0.52275,0.08825,0.09375,0.05275,0.0,1.0,0.0,0.0,0.0
2025,0,v4 (live),HOU,0.3135,0.44325,0.0515,0.0545,0.02225,0.0,1.0,0.0,0.0,0.0
2025,0,v4 (live),IND,0.269,0.4115,0.03925,0.03875,0.017,0.0,0.0,0.0,0.0,0.0
2025,0,v4 (live),JAX,0.21875,0.3425,0.0315,0.02875,0.0095,1.0,1.0,0.0,0.0,0.0
2025,0,v4 (live),KC,0.28,0.55675,0.09725,0.10025,0.05325,0.0,0.0,0.0,0.0,0.0
2025,0,v4 (live),LA,0.23425,0.421,0.0575,0.04725,0.024,0.0,1.0,0.0,0.0,0.0
2025,0,v4 (live),LAC,0.29525,0.56175,0.101,0.09125,0.04225,0.0,1.0,0.0,0.0,0.0
2025,0,v4 (live),LV,0.1045,0.27325,0.02625,0.02275,0.01025,0.0,0.0,0.0,0.0,0.0
2025,0,v4 (live),MIA,0.20125,0.3685,0.0425,0.039,0.014,0.0,0.0,0.0,0.0,0.0
2025,0,v4 (live),MIN,0.2295,0.5035,0.0725,0.08425,0.04575,0.0,0.0,0.0,0.0,0.0
2025,0,v4 (live),NE,0.15375,0.30275,0.02475,0.028,0.00925,1.0,1.0,0.0,1.0,0.0
2025,0,v4 (live),NO,0.1665,0.3255,0.03175,0.028,0.011,0.0,0.0,0.0,0.0,0.0
2025,0,v4 (live),NYG,0.128,0.25125,0.01575,0.0205,0.00875,0.0,0.0,0.0,0.0,0.0
2025,0,v4 (live),NYJ,0.16825,0.32775,0.02825,0.02775,0.01325,0.0,0.0,0.0,0.0,0.0
2025,0,v4 (live),PHI,0.388,0.57,0.08725,0.09625,0.054,1.0,1.0,0.0,0.0,0.0
2025,0,v4 (live),PIT,0.24825,0.50775,0.0755,0.078,0.03375,1.0,1.0,0.0,0.0,0.0
2025,0,v4 (live),SEA,0.27175,0.462,0.058,0.05125,0.02475,1.0,1.0,1.0,1.0,1.0
2025,0,v4 (live),SF,0.209,0.38925,0.03525,0.03025,0.0155,0.0,1.0,0.0,0.0,0.0
2025,0,v4 (live),TB,0.51725,0.70125,0.13725,0.1235,0.07025,0.0,0.0,0.0,0.0,0.0
2025,0,v4 (live),TEN,0.19875,0.32375,0.02325,0.0265,0.01125,0.0,0.0,0.0,0.0,0.0
2025,0,v4 (live),WAS,0.36325,0.5495,0.08275,0.08625,0.044,0.0,0.0,0.0,0.0,0.0
2025,0,v3 (challenger),ARI,0.29725,0.5145,0.0625,0.05325,0.0245,0.0,0.0,0.0,0.0,0.0
2025,0,v3 (challenger),ATL,0.2085,0.3965,0.03975,0.0345,0.01375,0.0,0.0,0.0,0.0,0.0
2025,0,v3 (challenger),BAL,0.5155,0.75425,0.19425,0.1905,0.10225,0.0,0.0,0.0,0.0,0.0
2025,0,v3 (challenger),BUF,0.54475,0.718,0.15225,0.13725,0.066,0.0,1.0,0.0,0.0,0.0
2025,0,v3 (challenger),CAR,0.05325,0.13775,0.00625,0.00625,0.002,1.0,1.0,0.0,0.0,0.0
2025,0,v3 (challenger),CHI,0.073,0.23625,0.0175,0.0225,0.00875,1.0,1.0,0.0,0.0,0.0
2025,0,v3 (challenger),CIN,0.189,0.43525,0.04925,0.061,0.02725,0.0,0.0,0.0,0.0,0.0
2025,0,v3 (challenger),CLE,0.04875,0.1525,0.0065,0.01025,0.00475,0.0,0.0,0.0,0.0,0.0
2025,0,v3 (challenger),DAL,0.09075,0.186,0.00925,0.012,0.0055,0.0,0.0,0.0,0.0,0.0
2025,0,v3 (challenger),DEN,0.33225,0.63175,0.1055,0.1105,0.054,1.0,1.0,1.0,0.0,0.0
2025,0,v3 (challenger),DET,0.4595,0.749,0.192,0.20475,0.12475,0.0,0.0,0.0,0.0,0.0
2025,0,v3 (challenger),GB,0.2485,0.5525,0.0835,0.0915,0.047,0.0,1.0,0.0,0.0,0.0
2025,0,v3 (challenger),HOU,0.3315,0.451,0.04,0.04125,0.01575,0.0,1.0,0.0,0.0,0.0
2025,0,v3 (challenger),IND,0.27875,0.39075,0.03825,0.03225,0.01375,0.0,0.0,0.0,0.0,0.0
2025,0,v3 (challenger),JAX,0.20925,0.3195,0.02175,0.02475,0.0105,1.0,1.0,0.0,0.0,0.0
2025,0,v3 (challenger),KC,0.289,0.5855,0.10075,0.1005,0.05225,0.0,0.0,0.0,0.0,0.0
2025,0,v3 (challenger),LA,0.2265,0.40075,0.04525,0.043,0.0195,0.0,1.0,0.0,0.0,0.0
2025,0,v3 (challenger),LAC,0.296,0.602,0.1075,0.107,0.05275,0.0,1.0,0.0,0.0,0.0
2025,0,v3 (challenger),LV,0.08275,0.242,0.02225,0.016,0.006,0.0,0.0,0.0,0.0,0.0
2025,0,v3 (challenger),MIA,0.1955,0.3785,0.03775,0.035,0.0175,0.0,0.0,0.0,0.0,0.0
2025,0,v3 (challenger),MIN,0.219,0.522,0.06575,0.08,0.04525,0.0,0.0,0.0,0.0,0.0
2025,0,v3 (challenger),NE,0.116,0.2585,0.016,0.0205,0.008,1.0,1.0,0.0,1.0,0.0
2025,0,v3 (challenger),NO,0.13775,0.29625,0.0215,0.01775,0.00825,0.0,0.0,0.0,0.0,0.0
2025,0,v3 (challenger),NYG,0.09975,0.2035,0.009,0.01425,0.00675,0.0,0.0,0.0,0.0,0.0
2025,0,v3 (challenger),NYJ,0.14375,0.2935,0.0225,0.02175,0.00925,0.0,0.0,0.0,0.0,0.0
2025,0,v3 (challenger),PHI,0.42725,0.611,0.09475,0.10525,0.05275,1.0,1.0,0.0,0.0,0.0
2025,0,v3 (challenger),PIT,0.24675,0.518,0.0705,0.07375,0.0365,1.0,1.0,0.0,0.0,0.0
2025,0,v3 (challenger),SEA,0.27725,0.473,0.05725,0.04625,0.02075,1.0,1.0,1.0,1.0,1.0
2025,0,v3 (challenger),SF,0.199,0.37925,0.03275,0.02575,0.0085,0.0,1.0,0.0,0.0,0.0
2025,0,v3 (challenger),TB,0.6005,0.77075,0.18475,0.15575,0.0825,0.0,0.0,0.0,0.0,0.0
2025,0,v3 (challenger),TEN,0.1805,0.269,0.015,0.01775,0.007,0.0,0.0,0.0,0.0,0.0
2025,0,v3 (challenger),WAS,0.38225,0.571,0.07825,0.08725,0.046,0.0,0.0,0.0,0.0,0.0
2025,4,v4 (live),ARI,0.13125,0.395,0.029,0.0415,0.0205,0.0,0.0,0.0,0.0,0.0
2025,4,v4 (live),ATL,0.176,0.3485,0.02,0.03025,0.01225,0.0,0.0,0.0,0.0,0.0
2025,4,v4 (live),BAL,0.367,0.5965,0.03825,0.1135,0.05575,0.0,0.0,0.0,0.0,0.0
2025,4,v4 (live),BUF,0.74675,0.87625,0.2895,0.158,0.071,0.0,1.0,0.0,0.0,0.0
2025,4,v4 (live),CAR,0.0785,0.1375,0.002,0.006,0.003,1.0,1.0,0.0,0.0,0.0
2025,4,v4 (live),CHI,0.04925,0.217,0.0085,0.0185,0.0085,1.0,1.0,0.0,0.0,0.0
2025,4,v4 (live),CIN,0.142,0.3015,0.01625,0.0235,0.00775,0.0,0.0,0.0,0.0,0.0
2025,4,v4 (live),CLE,0.0355,0.103,0.003,0.00425,0.001,0.0,0.0,0.0,0.0,0.0
2025,4,v4 (live),DAL,0.08475,0.20075,0.00575,0.01375,0.0075,0.0,0.0,0.0,0.0,0.0
2025,4,v4 (live),DEN,0.2095,0.53225,0.044,0.07725,0.0435,1.0,1.0,1.0,0.0,0.0
2025,4,v4 (live),DET,0.56375,0.79775,0.23475,0.22525,0.1405,0.0,0.0,0.0,0.0,0.0
2025,4,v4 (live),GB,0.2475,0.59175,0.067,0.08925,0.049,0.0,1.0,0.0,0.0,0.0
2025,4,v4 (live),HOU,0.112,0.2695,0.014,0.0295,0.0135,0.0,1.0,0.0,0.0,0.0
2025,4,v4 (live),IND,0.519,0.7185,0.12675,0.102,0.046,0.0,0.0,0.0,0.0,0.0
2025,4,v4 (live),JAX,0.35175,0.56125,0.0605,0.05175,0.01875,1.0,1.0,0.0,0.0,0.0
2025,4,v4 (live),KC,0.292,0.64125,0.09575,0.1255,0.067,0.0,0.0,0.0,0.0,0.0
2025,4,v4 (live),LA,0.268,0.53225,0.073,0.0665,0.0385,0.0,1.0,0.0,0.0,0.0
2025,4,v4 (live),LAC,0.44925,0.76175,0.156,0.129,0.05575,0.0,1.0,0.0,0.0,0.0
2025,4,v4 (live),LV,0.04925,0.1875,0.008,0.018,0.008,0.0,0.0,0.0,0.0,0.0
2025,4,v4 (live),MIA,0.0475,0.18725,0.0055,0.017,0.00775,0.0,0.0,0.0,0.0,0.0
2025,4,v4 (live),MIN,0.1395,0.367,0.03025,0.05025,0.03075,0.0,0.0,0.0,0.0,0.0
2025,4,v4 (live),NE,0.179,0.4125,0.021,0.03675,0.014,1.0,1.0,0.0,1.0,0.0
2025,4,v4 (live),NO,0.065,0.10125,0.001,0.00575,0.0025,0.0,0.0,0.0,0.0,0.0
2025,4,v4 (live),NYG,0.026,0.07575,0.001,0.0055,0.00125,0.0,0.0,0.0,0.0,0.0
2025,4,v4 (live),NYJ,0.02675,0.1165,0.0005,0.00925,0.00325,0.0,0.0,0.0,0.0,0.0
2025,4,v4 (live),PHI,0.588,0.767,0.19325,0.119,0.06125,1.0,1.0,0.0,0.0,0.0
2025,4,v4 (live),PIT,0.4555,0.68925,0.12075,0.101,0.0405,1.0,1.0,0.0,0.0,0.0
2025,4,v4 (live),SEA,0.3325,0.628,0.1025,0.0905,0.04325,1.0,1.0,1.0,1.0,1.0
2025,4,v4 (live),SF,0.26825,0.5755,0.07175,0.0505,0.02475,0.0,1.0,0.0,0.0,0.0
2025,4,v4 (live),TB,0.6805,0.7635,0.1155,0.10875,0.0585,0.0,0.0,0.0,0.0,0.0
2025,4,v4 (live),TEN,0.01725,0.04525,0.00025,0.00375,0.001,0.0,0.0,0.0,0.0,0.0
2025,4,v4 (live),WAS,0.30125,0.5015,0.04475,0.07875,0.0435,0.0,0.0,0.0,0.0,0.0
2025,4,v3 (challenger),ARI,0.1065,0.3735,0.019,0.03925,0.02125,0.0,0.0,0.0,0.0,0.0
2025,4,v3 (challenger),ATL,0.1445,0.2975,0.01,0.02,0.00825,0.0,0.0,0.0,0.0,0.0
2025,4,v3 (challenger),BAL,0.401,0.6355,0.0345,0.1155,0.062,0.0,0.0,0.0,0.0,0.0
2025,4,v3 (challenger),BUF,0.815,0.9275,0.35575,0.19525,0.09225,0.0,1.0,0.0,0.0,0.0
2025,4,v3 (challenger),CAR,0.047,0.0855,0.002,0.0035,0.00175,1.0,1.0,0.0,0.0,0.0
2025,4,v3 (challenger),CHI,0.03075,0.15975,0.00375,0.01075,0.0045,1.0,1.0,0.0,0.0,0.0
2025,4,v3 (challenger),CIN,0.10325,0.23975,0.0075,0.017,0.005,0.0,0.0,0.0,0.0,0.0
2025,4,v3 (challenger),CLE,0.01725,0.055,0.0005,0.002,0.0005,0.0,0.0,0.0,0.0,0.0
2025,4,v3 (challenger),DAL,0.04025,0.105,0.0015,0.00725,0.004,0.0,0.0,0.0,0.0,0.0
2025,4,v3 (challenger),DEN,0.18875,0.5545,0.03475,0.0735,0.03375,1.0,1.0,1.0,0.0,0.0
2025,4,v3 (challenger),DET,0.56125,0.87275,0.26325,0.26675,0.17175,0.0,0.0,0.0,0.0,0.0
2025,4,v3 (challenger),GB,0.3115,0.7405,0.129,0.11,0.05675,0.0,1.0,0.0,0.0,0.0
2025,4,v3 (challenger),HOU,0.08425,0.22425,0.0075,0.02225,0.00875,0.0,1.0,0.0,0.0,0.0
2025,4,v3 (challenger),IND,0.57675,0.78175,0.1305,0.10575,0.0465,0.0,0.0,0.0,0.0,0.0
2025,4,v3 (challenger),JAX,0.3355,0.5665,0.04775,0.0455,0.0195,1.0,1.0,0.0,0.0,0.0
2025,4,v3 (challenger),KC,0.2905,0.68075,0.0915,0.12525,0.06575,0.0,0.0,0.0,0.0,0.0
2025,4,v3 (challenger),LA,0.243,0.5,0.05575,0.05675,0.0285,0.0,1.0,0.0,0.0,0.0
2025,4,v3 (challenger),LAC,0.48875,0.7935,0.15525,0.131,0.062,0.0,1.0,0.0,0.0,0.0
2025,4,v3 (challenger),LV,0.032,0.156,0.0035,0.014,0.0045,0.0,0.0,0.0,0.0,0.0
2025,4,v3 (challenger),MIA,0.02575,0.147,0.00275,0.00875,0.00275,0.0,0.0,0.0,0.0,0.0
2025,4,v3 (challenger),MIN,0.0965,0.3325,0.01825,0.03475,0.0195,0.0,0.0,0.0,0.0,0.0
2025,4,v3 (challenger),NE,0.145,0.419,0.01975,0.03375,0.01275,1.0,1.0,0.0,1.0,0.0
2025,4,v3 (challenger),NO,0.04375,0.06325,0.00025,0.002,0.00075,0.0,0.0,0.0,0.0,0.0
2025,4,v3 (challenger),NYG,0.013,0.0345,0.00025,0.001,0.0005,0.0,0.0,0.0,0.0,0.0
2025,4,v3 (challenger),NYJ,0.01425,0.085,0.00075,0.0055,0.00275,0.0,0.0,0.0,0.0,0.0
2025,4,v3 (challenger),PHI,0.66925,0.8255,0.18825,0.12275,0.05625,1.0,1.0,0.0,0.0,0.0
2025,4,v3 (challenger),PIT,0.4785,0.719,0.10775,0.10475,0.04675,1.0,1.0,0.0,0.0,0.0
2025,4,v3 (challenger),SEA,0.35525,0.68525,0.09525,0.0965,0.04725,1.0,1.0,1.0,1.0,1.0
2025,4,v3 (challenger),SF,0.29525,0.60825,0.07175,0.053,0.02175,0.0,1.0,0.0,0.0,0.0
2025,4,v3 (challenger),TB,0.76475,0.82425,0.11325,0.114,0.05875,0.0,0.0,0.0,0.0,0.0
2025,4,v3 (challenger),TEN,0.0035,0.015,0.0,0.00025,0.00025,0.0,0.0,0.0,0.0,0.0
2025,4,v3 (challenger),WAS,0.2775,0.492,0.0285,0.06175,0.03275,0.0,0.0,0.0,0.0,0.0
2025,9,v4 (live),ARI,0.016,0.1365,0.00175,0.01525,0.00775,0.0,0.0,0.0,0.0,0.0
2025,9,v4 (live),ATL,0.02,0.0965,0.0005,0.0075,0.0025,0.0,0.0,0.0,0.0,0.0
2025,9,v4 (live),BAL,0.40375,0.46,0.003,0.06425,0.03425,0.0,0.0,0.0,0.0,0.0
2025,9,v4 (live),BUF,0.4925,0.89575,0.2215,0.16125,0.07975,0.0,1.0,0.0,0.0,0.0
2025,9,v4 (live),CAR,0.09175,0.21725,0.00375,0.00825,0.0025,1.0,1.0,0.0,0.0,0.0
2025,9,v4 (live),CHI,0.10975,0.3505,0.01575,0.02075,0.00825,1.0,1.0,0.0,0.0,0.0
2025,9,v4 (live),CIN,0.071,0.10275,0.0,0.007,0.00225,0.0,0.0,0.0,0.0,0.0
2025,9,v4 (live),CLE,0.0125,0.02525,0.0,0.001,0.0,0.0,0.0,0.0,0.0,0.0
2025,9,v4 (live),DAL,0.05475,0.10925,0.00025,0.00875,0.00425,0.0,0.0,0.0,0.0,0.0
2025,9,v4 (live),DEN,0.45275,0.84875,0.14575,0.10825,0.04825,1.0,1.0,1.0,0.0,0.0
2025,9,v4 (live),DET,0.41375,0.72925,0.094,0.14825,0.08625,0.0,0.0,0.0,0.0,0.0
2025,9,v4 (live),GB,0.3775,0.7115,0.07325,0.093,0.04525,0.0,1.0,0.0,0.0,0.0
2025,9,v4 (live),HOU,0.07025,0.2735,0.00625,0.03675,0.018,0.0,1.0,0.0,0.0,0.0
2025,9,v4 (live),IND,0.7445,0.9075,0.281,0.20175,0.10775,0.0,0.0,0.0,0.0,0.0
2025,9,v4 (live),JAX,0.18525,0.5065,0.0365,0.0445,0.0175,1.0,1.0,0.0,0.0,0.0
2025,9,v4 (live),KC,0.29375,0.722,0.05475,0.1555,0.08175,0.0,0.0,0.0,0.0,0.0
2025,9,v4 (live),LA,0.35525,0.79375,0.16975,0.15675,0.091,0.0,1.0,0.0,0.0,0.0
2025,9,v4 (live),LAC,0.2505,0.71625,0.0555,0.07025,0.031,0.0,1.0,0.0,0.0,0.0
2025,9,v4 (live),LV,0.003,0.0195,0.0,0.0005,0.0005,0.0,0.0,0.0,0.0,0.0
2025,9,v4 (live),MIA,0.0015,0.00975,0.0,0.00075,0.00025,0.0,0.0,0.0,0.0,0.0
2025,9,v4 (live),MIN,0.099,0.28225,0.005,0.02525,0.01425,0.0,0.0,0.0,0.0,0.0
2025,9,v4 (live),NE,0.504,0.86675,0.1495,0.091,0.03725,1.0,1.0,0.0,1.0,0.0
2025,9,v4 (live),NO,0.00275,0.00325,0.0,0.00025,0.0,0.0,0.0,0.0,0.0,0.0
2025,9,v4 (live),NYG,0.00525,0.01675,0.0,0.00075,0.00025,0.0,0.0,0.0,0.0,0.0
2025,9,v4 (live),NYJ,0.002,0.01025,0.0,0.001,0.00025,0.0,0.0,0.0,0.0,0.0
2025,9,v4 (live),PHI,0.8595,0.88625,0.174,0.139,0.06475,1.0,1.0,0.0,0.0,0.0
2025,9,v4 (live),PIT,0.51275,0.6355,0.04625,0.05625,0.0235,1.0,1.0,0.0,0.0,0.0
2025,9,v4 (live),SEA,0.3955,0.84075,0.164,0.14525,0.077,1.0,1.0,1.0,1.0,1.0
2025,9,v4 (live),SF,0.23325,0.7955,0.07525,0.067,0.0285,0.0,1.0,0.0,0.0,0.0
2025,9,v4 (live),TB,0.8855,0.9255,0.22275,0.15275,0.0795,0.0,0.0,0.0,0.0,0.0
2025,9,v4 (live),TEN,0.0,0.0,0.0,0.0,0.0,0.0,0.0,0.0,0.0,0.0
2025,9,v4 (live),WAS,0.0805,0.10525,0.0,0.01125,0.00575,0.0,0.0,0.0,0.0,0.0
2025,9,v3 (challenger),ARI,0.005,0.1015,0.001,0.008,0.00275,0.0,0.0,0.0,0.0,0.0
2025,9,v3 (challenger),ATL,0.012,0.05725,0.00025,0.00275,0.00025,0.0,0.0,0.0,0.0,0.0
2025,9,v3 (challenger),BAL,0.398,0.46875,0.003,0.057,0.0285,0.0,0.0,0.0,0.0,0.0
2025,9,v3 (challenger),BUF,0.50475,0.9325,0.2485,0.1725,0.08725,0.0,1.0,0.0,0.0,0.0
2025,9,v3 (challenger),CAR,0.0625,0.16875,0.0015,0.00525,0.00125,1.0,1.0,0.0,0.0,0.0
2025,9,v3 (challenger),CHI,0.068,0.28725,0.00625,0.0135,0.00575,1.0,1.0,0.0,0.0,0.0
2025,9,v3 (challenger),CIN,0.046,0.0625,0.0,0.002,0.00075,0.0,0.0,0.0,0.0,0.0
2025,9,v3 (challenger),CLE,0.0055,0.0095,0.0,0.0,0.0,0.0,0.0,0.0,0.0,0.0
2025,9,v3 (challenger),DAL,0.03275,0.051,0.0,0.0015,0.0005,0.0,0.0,0.0,0.0,0.0
2025,9,v3 (challenger),DEN,0.462,0.86,0.1215,0.105,0.04875,1.0,1.0,1.0,0.0,0.0
2025,9,v3 (challenger),DET,0.3645,0.785,0.09075,0.15225,0.093,0.0,0.0,0.0,0.0,0.0
2025,9,v3 (challenger),GB,0.49325,0.8185,0.13575,0.112,0.05,0.0,1.0,0.0,0.0,0.0
2025,9,v3 (challenger),HOU,0.0505,0.2255,0.0015,0.024,0.0125,0.0,1.0,0.0,0.0,0.0
2025,9,v3 (challenger),IND,0.7985,0.94275,0.31025,0.2325,0.12175,0.0,0.0,0.0,0.0,0.0
2025,9,v3 (challenger),JAX,0.151,0.4825,0.02725,0.03175,0.01475,1.0,1.0,0.0,0.0,0.0
2025,9,v3 (challenger),KC,0.278,0.72625,0.04575,0.1595,0.08975,0.0,0.0,0.0,0.0,0.0
2025,9,v3 (challenger),LA,0.32675,0.82025,0.145,0.15175,0.08025,0.0,1.0,0.0,0.0,0.0
2025,9,v3 (challenger),LAC,0.25925,0.7215,0.048,0.08225,0.03625,0.0,1.0,0.0,0.0,0.0
2025,9,v3 (challenger),LV,0.00075,0.00725,0.0,0.00025,0.00025,0.0,0.0,0.0,0.0,0.0
2025,9,v3 (challenger),MIA,0.00025,0.002,0.0,0.00025,0.00025,0.0,0.0,0.0,0.0,0.0
2025,9,v3 (challenger),MIN,0.07425,0.24475,0.0035,0.0145,0.00775,0.0,0.0,0.0,0.0,0.0
2025,9,v3 (challenger),NE,0.495,0.9005,0.16125,0.08575,0.03325,1.0,1.0,0.0,1.0,0.0
2025,9,v3 (challenger),NO,0.00175,0.00175,0.0,0.0,0.0,0.0,0.0,0.0,0.0,0.0
2025,9,v3 (challenger),NYG,0.0015,0.00575,0.0,0.0,0.0,0.0,0.0,0.0,0.0,0.0
2025,9,v3 (challenger),NYJ,0.0,0.0045,0.0,0.0,0.0,0.0,0.0,0.0,0.0,0.0
2025,9,v3 (challenger),PHI,0.91925,0.9335,0.177,0.1425,0.0675,1.0,1.0,0.0,0.0,0.0
2025,9,v3 (challenger),PIT,0.5505,0.654,0.033,0.04725,0.01925,1.0,1.0,0.0,0.0,0.0
2025,9,v3 (challenger),SEA,0.4285,0.885,0.15475,0.16825,0.08875,1.0,1.0,1.0,1.0,1.0
2025,9,v3 (challenger),SF,0.23975,0.82525,0.07525,0.0735,0.0335,0.0,1.0,0.0,0.0,0.0
2025,9,v3 (challenger),TB,0.92375,0.94875,0.209,0.15075,0.07375,0.0,0.0,0.0,0.0,0.0
2025,9,v3 (challenger),TEN,0.0,0.0,0.0,0.0,0.0,0.0,0.0,0.0,0.0,0.0
2025,9,v3 (challenger),WAS,0.0465,0.06575,0.0,0.0035,0.00175,0.0,0.0,0.0,0.0,0.0
2025,13,v4 (live),ARI,0.0,0.0,0.0,0.0,0.0,0.0,0.0,0.0,0.0,0.0
2025,13,v4 (live),ATL,0.00075,0.001,0.0,0.00025,0.0,0.0,0.0,0.0,0.0,0.0
2025,13,v4 (live),BAL,0.551,0.55225,0.0,0.063,0.02725,0.0,0.0,0.0,0.0,0.0
2025,13,v4 (live),BUF,0.186,0.91225,0.075,0.1325,0.06375,0.0,1.0,0.0,0.0,0.0
2025,13,v4 (live),CAR,0.16825,0.19225,0.0,0.0075,0.00325,1.0,1.0,0.0,0.0,0.0
2025,13,v4 (live),CHI,0.33975,0.707,0.111,0.04875,0.02025,1.0,1.0,0.0,0.0,0.0
2025,13,v4 (live),CIN,0.0465,0.04825,0.0,0.0045,0.0015,0.0,0.0,0.0,0.0,0.0
2025,13,v4 (live),CLE,0.00025,0.00025,0.0,0.0,0.0,0.0,0.0,0.0,0.0,0.0
2025,13,v4 (live),DAL,0.147,0.237,0.0,0.0185,0.00975,0.0,0.0,0.0,0.0,0.0
2025,13,v4 (live),DEN,0.78975,0.96675,0.34425,0.14375,0.0575,1.0,1.0,1.0,0.0,0.0
2025,13,v4 (live),DET,0.10575,0.5365,0.01075,0.101,0.064,0.0,0.0,0.0,0.0,0.0
2025,13,v4 (live),GB,0.5545,0.86175,0.16075,0.13425,0.066,0.0,1.0,0.0,0.0,0.0
2025,13,v4 (live),HOU,0.20775,0.56375,0.0045,0.08125,0.03975,0.0,1.0,0.0,0.0,0.0
2025,13,v4 (live),IND,0.4085,0.72175,0.03975,0.1425,0.06925,0.0,0.0,0.0,0.0,0.0
2025,13,v4 (live),JAX,0.38375,0.78525,0.05125,0.08375,0.034,1.0,1.0,0.0,0.0,0.0
2025,13,v4 (live),KC,0.0405,0.43475,0.0,0.0865,0.0455,0.0,0.0,0.0,0.0,0.0
2025,13,v4 (live),LA,0.46875,0.9165,0.30975,0.24275,0.15025,0.0,1.0,0.0,0.0,0.0
2025,13,v4 (live),LAC,0.16975,0.594,0.0225,0.062,0.0255,0.0,1.0,0.0,0.0,0.0
2025,13,v4 (live),LV,0.0,0.0,0.0,0.0,0.0,0.0,0.0,0.0,0.0,0.0
2025,13,v4 (live),MIA,0.0,0.00725,0.0,0.00025,0.00025,0.0,0.0,0.0,0.0,0.0
2025,13,v4 (live),MIN,0.0,0.00025,0.0,0.0,0.0,0.0,0.0,0.0,0.0,0.0
2025,13,v4 (live),NE,0.814,0.99875,0.46275,0.1625,0.06275,1.0,1.0,0.0,1.0,0.0
2025,13,v4 (live),NO,0.0,0.0,0.0,0.0,0.0,0.0,0.0,0.0,0.0,0.0
2025,13,v4 (live),NYG,0.0,0.0,0.0,0.0,0.0,0.0,0.0,0.0,0.0,0.0
2025,13,v4 (live),NYJ,0.0,0.0,0.0,0.0,0.0,0.0,0.0,0.0,0.0,0.0
2025,13,v4 (live),PHI,0.85075,0.8905,0.05,0.08675,0.0425,1.0,1.0,0.0,0.0,0.0
2025,13,v4 (live),PIT,0.40225,0.41475,0.0,0.0375,0.01475,1.0,1.0,0.0,0.0,0.0
2025,13,v4 (live),SEA,0.31975,0.90775,0.22625,0.18475,0.10975,1.0,1.0,1.0,1.0,1.0
2025,13,v4 (live),SF,0.2115,0.90975,0.12425,0.09675,0.0525,0.0,1.0,0.0,0.0,0.0
2025,13,v4 (live),TB,0.831,0.8375,0.00725,0.0785,0.03975,0.0,0.0,0.0,0.0,0.0
2025,13,v4 (live),TEN,0.0,0.0,0.0,0.0,0.0,0.0,0.0,0.0,0.0,0.0
2025,13,v4 (live),WAS,0.00225,0.00225,0.0,0.00025,0.00025,0.0,0.0,0.0,0.0,0.0
2025,13,v3 (challenger),ARI,0.0,0.0,0.0,0.0,0.0,0.0,0.0,0.0,0.0,0.0
2025,13,v3 (challenger),ATL,0.001,0.001,0.0,0.00025,0.0,0.0,0.0,0.0,0.0,0.0
2025,13,v3 (challenger),BAL,0.50525,0.50775,0.0,0.04825,0.02175,0.0,0.0,0.0,0.0,0.0
2025,13,v3 (challenger),BUF,0.1635,0.9095,0.07475,0.15225,0.07575,0.0,1.0,0.0,0.0,0.0
2025,13,v3 (challenger),CAR,0.15075,0.163,0.0,0.004,0.00125,1.0,1.0,0.0,0.0,0.0
2025,13,v3 (challenger),CHI,0.198,0.69875,0.06925,0.0285,0.01325,1.0,1.0,0.0,0.0,0.0
2025,13,v3 (challenger),CIN,0.0305,0.031,0.0,0.00075,0.00025,0.0,0.0,0.0,0.0,0.0
2025,13,v3 (challenger),CLE,0.0,0.0,0.0,0.0,0.0,0.0,0.0,0.0,0.0,0.0
2025,13,v3 (challenger),DAL,0.119,0.14325,0.0,0.00575,0.0025,0.0,0.0,0.0,0.0,0.0
2025,13,v3 (challenger),DEN,0.80725,0.96875,0.25125,0.12475,0.0485,1.0,1.0,1.0,0.0,0.0
2025,13,v3 (challenger),DET,0.03925,0.50525,0.00275,0.084,0.048,0.0,0.0,0.0,0.0,0.0
2025,13,v3 (challenger),GB,0.76275,0.95725,0.33975,0.16375,0.0765,0.0,1.0,0.0,0.0,0.0
2025,13,v3 (challenger),HOU,0.209,0.58575,0.0035,0.08525,0.0385,0.0,1.0,0.0,0.0,0.0
2025,13,v3 (challenger),IND,0.43575,0.75225,0.03625,0.14975,0.07825,0.0,0.0,0.0,0.0,0.0
2025,13,v3 (challenger),JAX,0.35525,0.733,0.042,0.08725,0.03725,1.0,1.0,0.0,0.0,0.0
2025,13,v3 (challenger),KC,0.0355,0.42825,0.0,0.09,0.05175,0.0,0.0,0.0,0.0,0.0
2025,13,v3 (challenger),LA,0.43225,0.9145,0.228,0.2415,0.15175,0.0,1.0,0.0,0.0,0.0
2025,13,v3 (challenger),LAC,0.15725,0.61625,0.01725,0.05375,0.02325,0.0,1.0,0.0,0.0,0.0
2025,13,v3 (challenger),LV,0.0,0.0,0.0,0.0,0.0,0.0,0.0,0.0,0.0,0.0
2025,13,v3 (challenger),MIA,0.0,0.00225,0.0,0.0,0.0,0.0,0.0,0.0,0.0,0.0
2025,13,v3 (challenger),MIN,0.0,0.00025,0.0,0.0,0.0,0.0,0.0,0.0,0.0,0.0
2025,13,v3 (challenger),NE,0.8365,0.9985,0.575,0.1745,0.07225,1.0,1.0,0.0,1.0,0.0
2025,13,v3 (challenger),NO,0.0,0.0,0.0,0.0,0.0,0.0,0.0,0.0,0.0,0.0
2025,13,v3 (challenger),NYG,0.0,0.0,0.0,0.0,0.0,0.0,0.0,0.0,0.0,0.0
2025,13,v3 (challenger),NYJ,0.0,0.0,0.0,0.0,0.0,0.0,0.0,0.0,0.0,0.0
2025,13,v3 (challenger),PHI,0.878,0.904,0.0375,0.09025,0.04025,1.0,1.0,0.0,0.0,0.0
2025,13,v3 (challenger),PIT,0.46425,0.46675,0.0,0.0335,0.01275,1.0,1.0,0.0,0.0,0.0
2025,13,v3 (challenger),SEA,0.3435,0.93575,0.19725,0.202,0.1185,1.0,1.0,1.0,1.0,1.0
2025,13,v3 (challenger),SF,0.22425,0.9175,0.1195,0.10925,0.056,0.0,1.0,0.0,0.0,0.0
2025,13,v3 (challenger),TB,0.84825,0.8565,0.006,0.07075,0.03175,0.0,0.0,0.0,0.0,0.0
2025,13,v3 (challenger),TEN,0.0,0.0,0.0,0.0,0.0,0.0,0.0,0.0,0.0,0.0
2025,13,v3 (challenger),WAS,0.003,0.003,0.0,0.0,0.0,0.0,0.0,0.0,0.0,0.0
