season,N,team,pts_pred,pts,p_po,po,p_div,is_div,p_cup,p_final,date,naive
2021,0,ANA,73.84566666666667,76,0.18033333333333335,0,0.011666666666666667,0,0.002,0.006666666666666667,,76.98214285714286
2021,0,ARI,82.51366666666667,57,0.35533333333333333,0,0.028666666666666667,0,0.010333333333333333,0.024666666666666667,,85.03571428571428
2021,0,BOS,100.86933333333333,107,0.7736666666666666,1,0.231,0,0.06433333333333334,0.11966666666666667,,98.94642857142857
2021,0,BUF,74.886,75,0.175,0,0.012333333333333333,0,0.0023333333333333335,0.007666666666666666,,72.58928571428572
2021,0,CAR,102.33333333333333,116,0.809,1,0.314,1,0.07466666666666667,0.13533333333333333,,104.07142857142857
2021,0,CBJ,74.69366666666667,81,0.161,0,0.013333333333333334,0,0.0016666666666666668,0.006666666666666667,,80.64285714285714
2021,0,CGY,90.645,111,0.586,1,0.12633333333333333,1,0.024,0.052333333333333336,,85.76785714285714
2021,0,CHI,80.25933333333333,68,0.30966666666666665,0,0.02266666666666667,0,0.006666666666666667,0.015666666666666666,,85.76785714285714
2021,0,COL,111.34966666666666,119,0.9353333333333333,1,0.56,1,0.169,0.292,,105.53571428571428
2021,0,DAL,92.622,98,0.6246666666666667,1,0.10666666666666667,0,0.026333333333333334,0.06333333333333334,,89.42857142857143
2021,0,DET,68.34333333333333,74,0.08466666666666667,0,0.005,0,0.001,0.003,,80.64285714285714
2021,0,EDM,96.55133333333333,104,0.726,1,0.222,0,0.047,0.095,,98.21428571428572
2021,0,FLA,100.04266666666666,122,0.766,1,0.21766666666666667,1,0.06766666666666667,0.11966666666666667,,103.33928571428572
2021,0,LAK,76.349,99,0.231,1,0.022,0,0.004333333333333333,0.010666666666666666,,81.375
2021,0,MIN,92.93,113,0.6266666666666667,1,0.11,0,0.027666666666666666,0.068,,100.41071428571428
2021,0,MTL,85.23533333333333,55,0.38766666666666666,0,0.043333333333333335,0,0.012,0.030666666666666665,,88.69642857142857
2021,0,NJD,76.70633333333333,63,0.20233333333333334,0,0.020666666666666667,0,0.003,0.007,,78.44642857142857
2021,0,NSH,86.199,97,0.4613333333333333,1,0.05566666666666667,0,0.015666666666666666,0.034666666666666665,,92.35714285714286
2021,0,NYI,94.99766666666666,84,0.6366666666666667,0,0.16466666666666666,0,0.03266666666666666,0.07266666666666667,,97.48214285714286
2021,0,NYR,91.82533333333333,110,0.5616666666666666,1,0.11966666666666667,0,0.025333333333333333,0.057,,89.42857142857143
2021,0,OTT,78.17166666666667,73,0.23433333333333334,0,0.022333333333333334,0,0.004,0.013333333333333334,,82.83928571428572
2021,0,PHI,85.47233333333334,61,0.393,0,0.058666666666666666,0,0.010666666666666666,0.029333333333333333,,87.96428571428572
2021,0,PIT,96.21533333333333,103,0.67,1,0.18066666666666667,0,0.034333333333333334,0.07433333333333333,,101.875
2021,0,SEA,89.34166666666667,60,0.5566666666666666,0,0.11033333333333334,0,0.02033333333333333,0.045,,91.0
2021,0,SJS,80.81033333333333,77,0.337,0,0.04766666666666667,0,0.010333333333333333,0.025,,81.375
2021,0,STL,86.491,109,0.4666666666666667,1,0.053,0,0.018,0.035,,91.625
2021,0,TBL,99.42,110,0.753,1,0.199,0,0.05733333333333333,0.119,,100.41071428571428
2021,0,TOR,102.66966666666667,115,0.8113333333333334,1,0.2693333333333333,0,0.07733333333333334,0.14033333333333334,,101.875
2021,0,VAN,77.61266666666667,92,0.261,0,0.03666666666666667,0,0.0033333333333333335,0.014333333333333333,,82.10714285714286
2021,0,VGK,104.35133333333333,94,0.8666666666666667,0,0.42333333333333334,0,0.10233333333333333,0.185,,105.53571428571428
2021,0,WPG,87.243,89,0.4756666666666667,0,0.06333333333333334,0,0.012666666666666666,0.03266666666666666,,91.625
2021,0,WSH,92.62333333333333,100,0.5806666666666667,1,0.12833333333333333,0,0.03166666666666667,0.06433333333333334,,101.875
2021,20,ANA,84.84166666666667,76,0.364,0,0.008333333333333333,0,0.0016666666666666668,0.008333333333333333,2021-12-05,76.98214285714286
2021,20,ARI,63.653,57,0.007333333333333333,0,0.0,0,0.0,0.0,2021-12-05,85.03571428571428
2021,20,BOS,100.66366666666667,107,0.8583333333333333,1,0.10066666666666667,0,0.042333333333333334,0.09933333333333333,2021-12-05,98.94642857142857
2021,20,BUF,73.736,75,0.04133333333333333,0,0.0,0,0.0,0.001,2021-12-05,72.58928571428572
2021,20,CAR,111.41666666666667,116,0.9823333333333333,1,0.5806666666666667,1,0.12166666666666667,0.21933333333333332,2021-12-05,104.07142857142857
2021,20,CBJ,84.19,81,0.24666666666666667,0,0.005,0,0.0006666666666666666,0.004666666666666667,2021-12-05,80.64285714285714
2021,20,CGY,105.86733333333333,111,0.9576666666666667,1,0.37333333333333335,1,0.07366666666666667,0.14733333333333334,2021-12-05,85.76785714285714
2021,20,CHI,71.481,68,0.04933333333333333,0,0.0,0,0.0,0.0013333333333333333,2021-12-05,85.76785714285714
2021,20,COL,111.566,119,0.988,1,0.6766666666666666,1,0.179,0.30466666666666664,2021-12-05,105.53571428571428
2021,20,DAL,94.98966666666666,98,0.7366666666666667,1,0.07733333333333334,0,0.026333333333333334,0.058666666666666666,2021-12-05,89.42857142857143
2021,20,DET,70.261,74,0.018333333333333333,0,0.0,0,0.0,0.001,2021-12-05,80.64285714285714
2021,20,EDM,106.59366666666666,104,0.9683333333333334,1,0.428,0,0.07566666666666666,0.14166666666666666,2021-12-05,98.21428571428572
2021,20,FLA,114.125,122,0.9926666666666667,1,0.6366666666666667,1,0.10733333333333334,0.19966666666666666,2021-12-05,103.33928571428572
2021,20,LAK,80.18266666666666,99,0.20733333333333334,1,0.005666666666666667,0,0.0026666666666666666,0.007,2021-12-05,81.375
2021,20,MIN,100.084,113,0.8816666666666667,1,0.16333333333333333,0,0.04066666666666666,0.08966666666666667,2021-12-05,100.41071428571428
2021,20,MTL,67.33766666666666,55,0.011,0,0.0,0,0.0,0.0,2021-12-05,88.69642857142857
2021,20,NJD,81.59433333333334,63,0.16566666666666666,0,0.0026666666666666666,0,0.0013333333333333333,0.005333333333333333,2021-12-05,78.44642857142857
2021,20,NSH,87.30166666666666,97,0.4613333333333333,1,0.021666666666666667,0,0.010666666666666666,0.027333333333333334,2021-12-05,92.35714285714286
2021,20,NYI,81.99366666666667,84,0.185,0,0.005333333333333333,0,0.005,0.009,2021-12-05,97.48214285714286
2021,20,NYR,99.73233333333333,110,0.8313333333333334,1,0.11666666666666667,0,0.026333333333333334,0.058333333333333334,2021-12-05,89.42857142857143
2021,20,OTT,62.480666666666664,73,0.0033333333333333335,0,0.0,0,0.0,0.0,2021-12-05,82.83928571428572
2021,20,PHI,83.80366666666667,61,0.22166666666666668,0,0.007,0,0.0023333333333333335,0.007666666666666666,2021-12-05,87.96428571428572
2021,20,PIT,97.993,103,0.7603333333333333,1,0.08633333333333333,0,0.036333333333333336,0.082,2021-12-05,101.875
2021,20,SEA,75.13233333333334,60,0.10066666666666667,0,0.0006666666666666666,0,0.0023333333333333335,0.0036666666666666666,2021-12-05,91.0
2021,20,SJS,80.855,77,0.231,0,0.0023333333333333335,0,0.0013333333333333333,0.008666666666666666,2021-12-05,81.375
2021,20,STL,92.90466666666667,109,0.6683333333333333,1,0.042666666666666665,0,0.017,0.042333333333333334,2021-12-05,91.625
2021,20,TBL,103.79233333333333,110,0.9156666666666666,1,0.165,0,0.04,0.08933333333333333,2021-12-05,100.41071428571428
2021,20,TOR,101.01266666666666,115,0.8696666666666667,1,0.09766666666666667,0,0.049666666666666665,0.10933333333333334,2021-12-05,101.875
2021,20,VAN,66.82966666666667,92,0.021666666666666667,0,0.0,0,0.0003333333333333333,0.0003333333333333333,2021-12-05,82.10714285714286
2021,20,VGK,100.5,94,0.8966666666666666,0,0.18166666666666667,0,0.06866666666666667,0.12833333333333333,2021-12-05,105.53571428571428
2021,20,WPG,87.48433333333334,89,0.46,0,0.018333333333333333,0,0.01,0.030666666666666665,2021-12-05,91.625
2021,20,WSH,103.403,100,0.8966666666666666,1,0.19633333333333333,0,0.057,0.114,2021-12-05,101.875
2022,0,ANA,76.15033333333334,58,0.215,0,0.015,0,0.004666666666666667,0.011,,83.5
2022,0,ARI,66.35333333333334,70,0.08066666666666666,0,0.003,0,0.0013333333333333333,0.0026666666666666666,,74.0
2022,0,BOS,99.24566666666666,135,0.75,1,0.15333333333333332,1,0.050666666666666665,0.09133333333333334,,99.0
2022,0,BUF,70.75333333333333,91,0.12333333333333334,0,0.005666666666666667,0,0.0006666666666666666,0.0033333333333333335,,83.0
2022,0,CAR,107.19633333333333,113,0.883,1,0.3923333333333333,1,0.10466666666666667,0.17533333333333334,,103.5
2022,0,CBJ,73.325,59,0.16266666666666665,0,0.007,0,0.0023333333333333335,0.003,,86.0
2022,0,CGY,102.798,93,0.8263333333333334,0,0.32466666666666666,0,0.07633333333333334,0.16033333333333333,,101.0
2022,0,CHI,75.90033333333334,59,0.207,0,0.01633333333333333,0,0.0026666666666666666,0.009,,79.5
2022,0,COL,105.40833333333333,109,0.8456666666666667,1,0.38333333333333336,1,0.09366666666666666,0.18033333333333335,,105.0
2022,0,DAL,93.902,108,0.6306666666666667,1,0.12966666666666668,0,0.029666666666666668,0.065,,94.5
2022,0,DET,70.34433333333334,80,0.119,0,0.004333333333333333,0,0.0013333333333333333,0.004,,82.5
2022,0,EDM,99.90233333333333,109,0.778,1,0.24266666666666667,0,0.058,0.12166666666666667,,97.5
2022,0,FLA,107.895,92,0.9,1,0.339,0,0.092,0.167,,106.5
2022,0,LAK,90.42733333333334,104,0.5413333333333333,1,0.097,0,0.016,0.043333333333333335,,95.0
2022,0,MIN,96.86366666666666,103,0.7096666666666667,1,0.164,0,0.03666666666666667,0.081,,102.0
2022,0,MTL,70.47933333333333,68,0.12566666666666668,0,0.004666666666666667,0,0.0003333333333333333,0.0023333333333333335,,73.0
2022,0,NJD,78.86333333333333,112,0.26166666666666666,1,0.017333333333333333,0,0.005666666666666667,0.012333333333333333,,77.0
2022,0,NSH,88.344,92,0.485,0,0.07666666666666666,0,0.020666666666666667,0.05,,94.0
2022,0,NYI,87.407,93,0.469,1,0.06566666666666666,0,0.014,0.028,,87.5
2022,0,NYR,95.815,107,0.6743333333333333,1,0.143,0,0.041,0.07433333333333333,,100.5
2022,0,OTT,79.26266666666666,86,0.2713333333333333,0,0.017666666666666667,0,0.0023333333333333335,0.008,,82.0
2022,0,PHI,71.491,75,0.14366666666666666,0,0.008,0,0.0013333333333333333,0.0026666666666666666,,76.0
2022,0,PIT,100.509,91,0.7866666666666666,0,0.21733333333333332,0,0.059,0.109,,97.0
2022,0,SEA,73.956,100,0.179,1,0.014,0,0.003,0.007333333333333333,,75.5
2022,0,SJS,74.381,60,0.18333333333333332,0,0.013,0,0.0023333333333333335,0.008,,84.0
2022,0,STL,94.79166666666667,81,0.6523333333333333,0,0.14466666666666667,0,0.032,0.073,,100.0
2022,0,TBL,99.60166666666667,98,0.7706666666666667,1,0.16433333333333333,0,0.047,0.094,,100.5
2022,0,TOR,106.40166666666667,111,0.872,1,0.311,0,0.08466666666666667,0.15666666666666668,,103.0
2022,0,VAN,86.06,83,0.43133333333333335,0,0.068,0,0.015666666666666666,0.037333333333333336,,91.5
2022,0,VGK,98.55133333333333,111,0.7413333333333333,1,0.22566666666666665,1,0.046,0.106,,92.5
2022,0,WPG,88.65833333333333,95,0.49333333333333335,1,0.08233333333333333,0,0.017333333333333333,0.044,,90.0
2022,0,WSH,96.54066666666667,80,0.687,0,0.14933333333333335,0,0.037,0.06866666666666667,,95.5
2022,20,ANA,64.47533333333334,58,0.009666666666666667,0,0.0,0,0.0,0.0003333333333333333,2022-11-29,83.5
2022,20,ARI,70.24733333333333,70,0.035333333333333335,0,0.001,0,0.0003333333333333333,0.001,2022-11-29,74.0
2022,20,BOS,116.13466666666666,135,0.9943333333333333,1,0.736,1,0.155,0.244,2022-11-29,99.0
2022,20,BUF,75.75233333333334,91,0.071,0,0.0,0,0.0006666666666666666,0.0013333333333333333,2022-11-29,83.0
2022,20,CAR,101.55066666666667,113,0.8616666666666667,1,0.2986666666666667,1,0.07133333333333333,0.123,2022-11-29,103.5
2022,20,CBJ,65.068,59,0.004333333333333333,0,0.0,0,0.0,0.0,2022-11-29,86.0
2022,20,CGY,97.05633333333333,93,0.7983333333333333,0,0.129,0,0.04,0.09533333333333334,2022-11-29,101.0
2022,20,CHI,70.563,59,0.039,0,0.001,0,0.0003333333333333333,0.0013333333333333333,2022-11-29,79.5
2022,20,COL,107.66566666666667,109,0.9666666666666667,1,0.488,1,0.12433333333333334,0.227,2022-11-29,105.0
2022,20,DAL,103.43833333333333,108,0.9306666666666666,1,0.266,0,0.06333333333333334,0.143,2022-11-29,94.5
2022,20,DET,82.57233333333333,80,0.19633333333333333,0,0.004333333333333333,0,0.0013333333333333333,0.004,2022-11-29,82.5
2022,20,EDM,94.20733333333334,109,0.719,1,0.08533333333333333,0,0.028666666666666667,0.07033333333333333,2022-11-29,97.5
2022,20,FLA,99.98766666666667,92,0.8223333333333334,1,0.08133333333333333,0,0.06366666666666666,0.12066666666666667,2022-11-29,106.5
2022,20,LAK,89.74633333333334,104,0.5483333333333333,1,0.03866666666666667,0,0.011,0.033,2022-11-29,95.0
2022,20,MIN,91.382,103,0.6063333333333333,1,0.04,0,0.026,0.065,2022-11-29,102.0
2022,20,MTL,72.58633333333333,68,0.03833333333333333,0,0.0,0,0.0,0.0006666666666666666,2022-11-29,73.0
2022,20,NJD,100.22633333333333,112,0.8253333333333334,1,0.258,0,0.021333333333333333,0.056,2022-11-29,77.0
2022,20,NSH,82.973,92,0.2843333333333333,0,0.007333333333333333,0,0.005333333333333333,0.013666666666666667,2022-11-29,94.0
2022,20,NYI,92.242,93,0.5606666666666666,1,0.07933333333333334,0,0.01633333333333333,0.034666666666666665,2022-11-29,87.5
2022,20,NYR,95.902,107,0.6966666666666667,1,0.14266666666666666,0,0.035666666666666666,0.06966666666666667,2022-11-29,100.5
2022,20,OTT,77.24166666666666,86,0.09133333333333334,0,0.0,0,0.0003333333333333333,0.002,2022-11-29,82.0
2022,20,PHI,73.774,75,0.04833333333333333,0,0.001,0,0.0006666666666666666,0.0016666666666666668,2022-11-29,76.0
2022,20,PIT,98.561,91,0.7916666666666666,0,0.197,0,0.051,0.10266666666666667,2022-11-29,97.0
2022,20,SEA,90.895,100,0.581,1,0.051,0,0.010333333333333333,0.027666666666666666,2022-11-29,75.5
2022,20,SJS,70.35533333333333,60,0.034666666666666665,0,0.0,0,0.0006666666666666666,0.0016666666666666668,2022-11-29,84.0
2022,20,STL,85.94066666666667,81,0.3923333333333333,0,0.015333333333333332,0,0.012,0.027333333333333334,2022-11-29,100.0
2022,20,TBL,99.953,98,0.826,1,0.09133333333333334,0,0.049,0.09266666666666666,2022-11-29,100.5
2022,20,TOR,100.583,111,0.845,1,0.087,0,0.062,0.122,2022-11-29,103.0
2022,20,VAN,81.11766666666666,83,0.218,0,0.007,0,0.004333333333333333,0.013666666666666667,2022-11-29,91.5
2022,20,VGK,109.88366666666667,111,0.9803333333333333,1,0.689,1,0.10933333333333334,0.209,2022-11-29,92.5
2022,20,WPG,100.17233333333333,95,0.856,1,0.18133333333333335,0,0.025333333333333333,0.07066666666666667,2022-11-29,90.0
2022,20,WSH,86.54633333333334,80,0.32666666666666666,0,0.023333333333333334,0,0.010333333333333333,0.025,2022-11-29,95.5
2023,0,ANA,59.752,59,0.04066666666666666,0,0.0003333333333333333,0,0.0,0.0,,74.5
2023,0,ARI,62.07066666666667,77,0.056666666666666664,0,0.002,0,0.0,0.0,,80.5
2023,0,BOS,105.12333333333333,109,0.8273333333333334,1,0.3006666666666667,0,0.066,0.12966666666666668,,113.0
2023,0,BUF,81.757,84,0.292,0,0.025,0,0.0036666666666666666,0.012666666666666666,,91.0
2023,0,CAR,110.121,111,0.8913333333333333,1,0.43966666666666665,0,0.12233333333333334,0.208,,102.0
2023,0,CBJ,67.81466666666667,66,0.08033333333333334,0,0.004,0,0.0003333333333333333,0.0016666666666666668,,75.0
2023,0,CGY,101.482,81,0.795,0,0.237,0,0.064,0.13533333333333333,,92.0
2023,0,CHI,65.91366666666667,52,0.08466666666666667,0,0.005,0,0.001,0.0023333333333333335,,75.0
2023,0,COL,100.30666666666667,107,0.779,1,0.2956666666666667,0,0.06333333333333334,0.12433333333333334,,100.0
2023,0,DAL,100.81433333333334,113,0.7976666666666666,1,0.2786666666666667,1,0.06633333333333333,0.13233333333333333,,99.5
2023,0,DET,76.364,91,0.18366666666666667,1,0.012333333333333333,0,0.0016666666666666668,0.005666666666666667,,85.5
2023,0,EDM,106.28533333333333,104,0.8603333333333333,1,0.3423333333333333,0,0.095,0.18233333333333332,,100.0
2023,0,FLA,101.24533333333333,110,0.766,1,0.21166666666666667,1,0.058,0.10633333333333334,,91.5
2023,0,LAK,95.64133333333334,99,0.681,1,0.127,0,0.033666666666666664,0.07633333333333334,,97.5
2023,0,MIN,95.59,87,0.6783333333333333,0,0.179,0,0.03766666666666667,0.082,,97.0
2023,0,MTL,60.028,76,0.03233333333333333,0,0.001,0,0.0006666666666666666,0.0006666666666666666,,79.5
2023,0,NJD,99.893,81,0.7223333333333334,0,0.17566666666666667,0,0.052,0.098,,101.5
2023,0,NSH,84.24333333333334,99,0.4103333333333333,1,0.062,0,0.009666666666666667,0.023,,91.5
2023,0,NYI,88.35933333333334,94,0.46,1,0.05633333333333333,0,0.015666666666666666,0.03333333333333333,,92.0
2023,0,NYR,96.77,114,0.6513333333333333,1,0.133,1,0.036,0.06833333333333333,,99.0
2023,0,OTT,87.14733333333334,78,0.4186666666666667,0,0.044,0,0.010666666666666666,0.024333333333333332,,88.5
2023,0,PHI,71.29033333333334,87,0.11633333333333333,0,0.007,0,0.0006666666666666666,0.003,,83.0
2023,0,PIT,96.612,88,0.652,0,0.13533333333333333,0,0.036333333333333336,0.071,,91.0
2023,0,SEA,87.542,81,0.483,0,0.057666666666666665,0,0.014,0.03833333333333333,,95.5
2023,0,SJS,77.06866666666667,47,0.235,0,0.019666666666666666,0,0.004666666666666667,0.011666666666666667,,75.5
2023,0,STL,81.447,92,0.33866666666666667,0,0.04,0,0.007666666666666666,0.016666666666666666,,86.0
2023,0,TBL,97.85533333333333,98,0.6853333333333333,1,0.154,0,0.041,0.081,,94.5
2023,0,TOR,102.744,102,0.7846666666666666,1,0.25133333333333335,0,0.06966666666666667,0.12733333333333333,,101.0
2023,0,VAN,84.917,109,0.405,1,0.04833333333333333,1,0.009666666666666667,0.03,,87.0
2023,0,VGK,97.63066666666667,98,0.7286666666666667,1,0.16766666666666666,0,0.038,0.083,,101.0
2023,0,WPG,93.068,110,0.626,1,0.13766666666666666,0,0.027333333333333334,0.06233333333333333,,93.0
2023,0,WSH,87.364,91,0.43633333333333335,0,0.049,0,0.013333333333333334,0.029,,85.5
2023,20,ANA,66.402,59,0.016666666666666666,0,0.0,0,0.0,0.0,2023-12-05,74.5
2023,20,ARI,73.446,77,0.06666666666666667,0,0.0,0,0.0003333333333333333,0.0003333333333333333,2023-12-05,80.5
2023,20,BOS,111.48066666666666,109,0.98,1,0.6743333333333333,0,0.141,0.23966666666666667,2023-12-05,113.0
2023,20,BUF,80.09933333333333,84,0.12933333333333333,0,0.004,0,0.001,0.004666666666666667,2023-12-05,91.0
2023,20,CAR,101.75,111,0.867,1,0.25733333333333336,0,0.076,0.13866666666666666,2023-12-05,102.0
2023,20,CBJ,62.652,66,0.0016666666666666668,0,0.0,0,0.0,0.0,2023-12-05,75.0
2023,20,CGY,89.57533333333333,81,0.537,0,0.017333333333333333,0,0.025,0.052333333333333336,2023-12-05,92.0
2023,20,CHI,62.544666666666664,52,0.008,0,0.0,0,0.0,0.0,2023-12-05,75.0
2023,20,COL,107.01933333333334,107,0.9756666666666667,1,0.4103333333333333,0,0.09366666666666666,0.18333333333333332,2023-12-05,100.0
2023,20,DAL,106.82533333333333,113,0.9683333333333334,1,0.39766666666666667,1,0.06833333333333333,0.14766666666666667,2023-12-05,99.5
2023,20,DET,90.85233333333333,91,0.49733333333333335,1,0.033,0,0.007,0.02266666666666667,2023-12-05,85.5
2023,20,EDM,88.66566666666667,104,0.5126666666666667,1,0.013666666666666667,0,0.023,0.048,2023-12-05,100.0
2023,20,FLA,96.71233333333333,110,0.7253333333333334,1,0.09933333333333333,1,0.039,0.08266666666666667,2023-12-05,91.5
2023,20,LAK,110.12433333333334,99,0.9846666666666667,1,0.483,0,0.10866666666666666,0.19733333333333333,2023-12-05,97.5
2023,20,MIN,81.36133333333333,87,0.23266666666666666,0,0.003,0,0.0036666666666666666,0.011666666666666667,2023-12-05,97.0
2023,20,MTL,66.36533333333334,76,0.008,0,0.0,0,0.0,0.0,2023-12-05,79.5
2023,20,NJD,92.76533333333333,81,0.5863333333333334,0,0.06466666666666666,0,0.030666666666666665,0.067,2023-12-05,101.5
2023,20,NSH,85.98666666666666,99,0.4126666666666667,1,0.013,0,0.007,0.015,2023-12-05,91.5
2023,20,NYI,84.12266666666666,94,0.236,1,0.013333333333333334,0,0.004666666666666667,0.010666666666666666,2023-12-05,92.0
2023,20,NYR,107.29333333333334,114,0.9526666666666667,1,0.512,1,0.08133333333333333,0.14466666666666667,2023-12-05,99.0
2023,20,OTT,88.20966666666666,78,0.3923333333333333,0,0.02033333333333333,0,0.011333333333333334,0.025333333333333333,2023-12-05,88.5
2023,20,PHI,79.68266666666666,87,0.12733333333333333,0,0.003,0,0.0013333333333333333,0.005333333333333333,2023-12-05,83.0
2023,20,PIT,94.59066666666666,88,0.6556666666666666,0,0.09566666666666666,0,0.048666666666666664,0.09366666666666666,2023-12-05,91.0
2023,20,SEA,79.49933333333334,81,0.17566666666666667,0,0.0006666666666666666,0,0.0016666666666666668,0.006,2023-12-05,95.5
2023,20,SJS,51.7,47,0.0,0,0.0,0,0.0,0.0,2023-12-05,75.5
2023,20,STL,84.29066666666667,92,0.3343333333333333,0,0.006333333333333333,0,0.004,0.012333333333333333,2023-12-05,86.0
2023,20,TBL,92.05166666666666,98,0.5473333333333333,1,0.034,0,0.019,0.050333333333333334,2023-12-05,94.5
2023,20,TOR,99.18933333333334,102,0.794,1,0.135,0,0.03766666666666667,0.08933333333333333,2023-12-05,101.0
2023,20,VAN,102.24833333333333,109,0.9236666666666666,1,0.16833333333333333,1,0.049,0.09866666666666667,2023-12-05,87.0
2023,20,VGK,107.012,98,0.965,1,0.317,0,0.074,0.14366666666666666,2023-12-05,101.0
2023,20,WPG,100.559,110,0.8863333333333333,1,0.16966666666666666,0,0.036333333333333336,0.08366666666666667,2023-12-05,93.0
2023,20,WSH,90.887,91,0.49966666666666665,0,0.054,0,0.006666666666666667,0.025333333333333333,2023-12-05,85.5
2024,0,ANA,63.572,80,0.06066666666666667,0,0.0036666666666666666,0,0.001,0.003,,75.0
2024,0,BOS,99.552,76,0.739,0,0.22733333333333333,0,0.05333333333333334,0.11033333333333334,,100.0
2024,0,BUF,84.756,79,0.3883333333333333,0,0.048,0,0.013666666666666667,0.028666666666666667,,87.5
2024,0,CAR,105.2,99,0.8543333333333333,1,0.384,0,0.10333333333333333,0.186,,101.0
2024,0,CBJ,67.309,89,0.091,0,0.008,0,0.0003333333333333333,0.0013333333333333333,,78.5
2024,0,CGY,87.57033333333334,96,0.462,0,0.06766666666666667,0,0.016,0.036333333333333336,,86.0
2024,0,CHI,63.082,61,0.05533333333333333,0,0.0013333333333333333,0,0.0,0.0,,71.5
2024,0,COL,98.67066666666666,102,0.7223333333333334,1,0.19633333333333333,0,0.048666666666666664,0.09166666666666666,,99.0
2024,0,DAL,104.955,106,0.8353333333333334,1,0.3516666666666667,0,0.08866666666666667,0.166,,102.0
2024,0,DET,81.651,86,0.31333333333333335,0,0.03266666666666666,0,0.007333333333333333,0.018333333333333333,,91.0
2024,0,EDM,108.577,101,0.8926666666666667,1,0.44,0,0.12366666666666666,0.21833333333333332,,97.5
2024,0,FLA,104.41566666666667,98,0.83,1,0.32366666666666666,0,0.09633333333333334,0.172,,100.5
2024,0,LAK,97.60766666666666,105,0.7123333333333334,1,0.164,0,0.03966666666666667,0.079,,95.0
2024,0,MIN,91.53366666666666,97,0.5553333333333333,1,0.10166666666666667,0,0.020666666666666667,0.052,,89.0
2024,0,MTL,71.17766666666667,91,0.125,1,0.007666666666666666,0,0.0016666666666666668,0.005,,83.5
2024,0,NJD,91.38966666666667,91,0.5616666666666666,1,0.12633333333333333,0,0.026333333333333334,0.059333333333333335,,86.0
2024,0,NSH,92.034,68,0.562,0,0.112,0,0.024666666666666667,0.052333333333333336,,95.0
2024,0,NYI,85.66333333333333,82,0.41833333333333333,0,0.061,0,0.012333333333333333,0.030666666666666665,,92.5
2024,0,NYR,97.95266666666667,85,0.7083333333333334,0,0.21266666666666667,0,0.045,0.10066666666666667,,102.5
2024,0,OTT,85.719,97,0.413,1,0.05566666666666667,0,0.010666666666666666,0.031,,84.5
2024,0,PHI,83.433,76,0.3626666666666667,0,0.051,0,0.008666666666666666,0.019,,89.0
2024,0,PIT,92.02166666666666,80,0.5753333333333334,0,0.119,0,0.027666666666666666,0.057,,89.5
2024,0,SEA,89.767,76,0.5206666666666667,0,0.08466666666666667,0,0.016666666666666666,0.036333333333333336,,86.0
2024,0,SJS,56.34866666666667,52,0.025,0,0.0003333333333333333,0,0.0,0.0,,69.0
2024,0,STL,79.20633333333333,96,0.2663333333333333,1,0.028666666666666667,0,0.006666666666666667,0.016,,91.5
2024,0,TBL,92.31533333333333,102,0.5713333333333334,1,0.11433333333333333,0,0.029333333333333333,0.058333333333333334,,94.5
2024,0,TOR,98.68966666666667,108,0.729,1,0.19066666666666668,1,0.05566666666666667,0.10333333333333333,,96.5
2024,0,UTA,88.31366666666666,89,0.47333333333333333,0,0.071,0,0.017333333333333333,0.03833333333333333,,91.0
2024,0,VAN,94.01333333333334,90,0.6246666666666667,0,0.12133333333333333,0,0.03133333333333333,0.06933333333333333,,100.0
2024,0,VGK,93.03933333333333,110,0.5966666666666667,1,0.11833333333333333,1,0.025666666666666667,0.053,,94.5
2024,0,WPG,94.47533333333334,116,0.6353333333333333,1,0.13733333333333334,1,0.042666666666666665,0.08833333333333333,,100.5
2024,0,WSH,80.918,111,0.31933333333333336,1,0.038,1,0.005,0.019,,91.0
2024,20,ANA,67.614,80,0.011,0,0.0006666666666666666,0,0.0003333333333333333,0.0006666666666666666,2024-11-26,75.0
2024,20,BOS,85.56433333333334,76,0.37566666666666665,0,0.02,0,0.013666666666666667,0.029,2024-11-26,100.0
2024,20,BUF,85.65733333333333,79,0.37966666666666665,0,0.023,0,0.009666666666666667,0.021333333333333333,2024-11-26,87.5
2024,20,CAR,114.17733333333334,99,0.9946666666666667,1,0.7143333333333334,0,0.179,0.29733333333333334,2024-11-26,101.0
2024,20,CBJ,74.225,89,0.07233333333333333,0,0.0,0,0.0003333333333333333,0.001,2024-11-26,78.5
2024,20,CGY,91.82566666666666,96,0.5623333333333334,0,0.09333333333333334,0,0.01,0.027666666666666666,2024-11-26,86.0
2024,20,CHI,63.77466666666667,61,0.004,0,0.0,0,0.0,0.0,2024-11-26,71.5
2024,20,COL,91.43966666666667,102,0.5653333333333334,1,0.009666666666666667,0,0.017,0.043666666666666666,2024-11-26,99.0
2024,20,DAL,108.372,106,0.9656666666666667,1,0.232,0,0.12233333333333334,0.223,2024-11-26,102.0
2024,20,DET,76.907,86,0.11033333333333334,0,0.0036666666666666666,0,0.0013333333333333333,0.004333333333333333,2024-11-26,91.0
2024,20,EDM,98.78433333333334,101,0.8176666666666667,1,0.2713333333333333,0,0.059,0.124,2024-11-26,97.5
2024,20,FLA,102.92966666666666,98,0.9296666666666666,1,0.37366666666666665,0,0.07633333333333334,0.142,2024-11-26,100.5
2024,20,LAK,95.69533333333334,105,0.7196666666666667,1,0.16,0,0.035666666666666666,0.08066666666666666,2024-11-26,95.0
2024,20,MIN,106.57466666666667,97,0.94,1,0.16366666666666665,0,0.043,0.09466666666666666,2024-11-26,89.0
2024,20,MTL,67.661,91,0.02033333333333333,1,0.0006666666666666666,0,0.0,0.0003333333333333333,2024-11-26,83.5
2024,20,NJD,98.192,91,0.84,1,0.08266666666666667,0,0.051,0.10066666666666667,2024-11-26,86.0
2024,20,NSH,79.37166666666667,68,0.13766666666666666,0,0.0,0,0.002,0.005666666666666667,2024-11-26,95.0
2024,20,NYI,81.799,82,0.22633333333333333,0,0.0016666666666666668,0,0.003,0.008333333333333333,2024-11-26,92.5
2024,20,NYR,100.746,85,0.892,0,0.136,0,0.049,0.11033333333333334,2024-11-26,102.5
2024,20,OTT,82.46166666666667,97,0.27366666666666667,1,0.008,0,0.005,0.013333333333333334,2024-11-26,84.5
2024,20,PHI,77.384,76,0.12466666666666666,0,0.001,0,0.0006666666666666666,0.003,2024-11-26,89.0
2024,20,PIT,79.03733333333334,80,0.17133333333333334,0,0.0006666666666666666,0,0.004,0.010333333333333333,2024-11-26,89.5
2024,20,SEA,88.211,76,0.43666666666666665,0,0.043333333333333335,0,0.012,0.03133333333333333,2024-11-26,86.0
2024,20,SJS,58.465,52,0.0006666666666666666,0,0.0003333333333333333,0,0.0,0.0,2024-11-26,69.0
2024,20,STL,72.86866666666667,96,0.03766666666666667,1,0.0,0,0.0003333333333333333,0.0013333333333333333,2024-11-26,91.5
2024,20,TBL,100.17433333333334,102,0.8826666666666667,1,0.25933333333333336,0,0.03833333333333333,0.082,2024-11-26,94.5
2024,20,TOR,101.382,108,0.91,1,0.31166666666666665,1,0.06066666666666667,0.12433333333333334,2024-11-26,96.5
2024,20,UTA,85.08733333333333,89,0.28733333333333333,0,0.0036666666666666666,0,0.004666666666666667,0.016,2024-11-26,91.0
2024,20,VAN,95.94733333333333,90,0.7203333333333334,0,0.18,0,0.02033333333333333,0.05566666666666667,2024-11-26,100.0
2024,20,VGK,98.10133333333333,110,0.8006666666666666,1,0.251,1,0.03833333333333333,0.087,2024-11-26,94.5
2024,20,WPG,116.24433333333333,116,0.9933333333333333,1,0.591,1,0.11766666666666667,0.20866666666666667,2024-11-26,100.5
2024,20,WSH,96.86633333333333,111,0.7966666666666666,1,0.06366666666666666,1,0.025333333333333333,0.052333333333333336,2024-11-26,91.0
2025,0,ANA,72.853,92,0.16966666666666666,1,0.015,0,0.004333333333333333,0.008666666666666666,,85.5
2025,0,BOS,83.763,100,0.385,1,0.058333333333333334,0,0.012666666666666666,0.028333333333333332,,83.5
2025,0,BUF,83.56233333333333,109,0.37666666666666665,1,0.057,1,0.011,0.03,,85.0
2025,0,CAR,102.16033333333333,113,0.7973333333333333,1,0.3443333333333333,1,0.09266666666666666,0.171,,95.0
2025,0,CBJ,81.29833333333333,92,0.33,0,0.049666666666666665,0,0.011,0.027666666666666666,,90.0
2025,0,CGY,84.77433333333333,77,0.412,0,0.065,0,0.013333333333333334,0.029333333333333333,,93.5
2025,0,CHI,67.01233333333333,72,0.09633333333333334,0,0.006,0,0.0006666666666666666,0.002,,76.0
2025,0,COL,97.63333333333334,121,0.6996666666666667,1,0.19933333333333333,1,0.057,0.10133333333333333,,96.5
2025,0,DAL,98.54566666666666,112,0.7093333333333334,1,0.21666666666666667,0,0.06066666666666667,0.11266666666666666,,98.5
2025,0,DET,85.61833333333334,92,0.41933333333333334,0,0.07733333333333334,0,0.015,0.035,,88.5
2025,0,EDM,99.93133333333333,93,0.765,1,0.25566666666666665,0,0.059333333333333335,0.116,,96.0
2025,0,FLA,100.54766666666667,84,0.7713333333333333,0,0.2793333333333333,0,0.07766666666666666,0.14533333333333334,,94.5
2025,0,LAK,99.794,90,0.771,1,0.26,0,0.064,0.12166666666666667,,98.0
2025,0,MIN,86.44233333333334,104,0.438,1,0.061,0,0.017,0.035666666666666666,,94.0
2025,0,MTL,78.54733333333333,106,0.25733333333333336,1,0.029666666666666668,0,0.006,0.016,,91.0
2025,0,NJD,92.60133333333333,87,0.5916666666666667,0,0.159,0,0.03133333333333333,0.073,,91.0
2025,0,NSH,85.68066666666667,86,0.424,0,0.057,0,0.009,0.023,,79.5
2025,0,NYI,83.184,91,0.36833333333333335,0,0.064,0,0.011666666666666667,0.032,,86.5
2025,0,NYR,89.285,77,0.5176666666666667,0,0.11366666666666667,0,0.023,0.056666666666666664,,88.0
2025,0,OTT,86.568,99,0.455,1,0.08366666666666667,0,0.017666666666666667,0.04133333333333333,,94.0
2025,0,PHI,83.91266666666667,98,0.38566666666666666,1,0.058,0,0.015333333333333332,0.030333333333333334,,83.5
2025,0,PIT,82.37,98,0.358,1,0.057,0,0.011,0.028333333333333332,,85.5
2025,0,SEA,81.543,79,0.32666666666666666,0,0.037333333333333336,0,0.007666666666666666,0.017333333333333333,,83.5
2025,0,SJS,62.20933333333333,86,0.05633333333333333,0,0.0016666666666666668,0,0.0006666666666666666,0.0006666666666666666,,71.5
2025,0,STL,88.064,86,0.48433333333333334,0,0.07266666666666667,0,0.021333333333333333,0.04633333333333333,,93.5
2025,0,TBL,99.33366666666667,106,0.7516666666666667,1,0.25133333333333335,0,0.06666666666666667,0.12066666666666667,,96.5
2025,0,TOR,93.33566666666667,78,0.61,0,0.16333333333333333,0,0.038,0.07833333333333334,,99.5
2025,0,UTA,90.28866666666667,92,0.5316666666666666,1,0.09433333333333334,0,0.022333333333333334,0.052333333333333336,,90.0
2025,0,VAN,89.9,58,0.5383333333333333,0,0.09866666666666667,0,0.021,0.051,,90.5
2025,0,VGK,100.347,95,0.7826666666666666,1,0.26666666666666666,1,0.07333333333333333,0.12566666666666668,,100.5
2025,0,WPG,102.45833333333333,82,0.795,0,0.293,0,0.087,0.15633333333333332,,103.5
2025,0,WSH,93.76533333333333,95,0.625,0,0.15433333333333332,0,0.04066666666666666,0.086,,101.0
2025,20,ANA,90.429,92,0.5903333333333334,1,0.082,0,0.006,0.019,2025-11-22,85.5
2025,20,BOS,88.554,100,0.459,1,0.08466666666666667,0,0.009333333333333334,0.030333333333333334,2025-11-22,83.5
2025,20,BUF,77.30433333333333,109,0.10166666666666667,1,0.006666666666666667,1,0.0003333333333333333,0.0036666666666666666,2025-11-22,85.0
2025,20,CAR,109.40866666666666,113,0.971,1,0.6523333333333333,1,0.12966666666666668,0.251,2025-11-22,95.0
2025,20,CBJ,83.04066666666667,92,0.22933333333333333,0,0.007333333333333333,0,0.008,0.018,2025-11-22,90.0
2025,20,CGY,69.80233333333334,77,0.035333333333333335,0,0.0006666666666666666,0,0.0006666666666666666,0.0013333333333333333,2025-11-22,93.5
2025,20,CHI,84.68733333333333,72,0.3466666666666667,0,0.0036666666666666666,0,0.004,0.009,2025-11-22,76.0
2025,20,COL,117.47,121,0.997,1,0.773,1,0.20166666666666666,0.31133333333333335,2025-11-22,96.5
2025,20,DAL,101.854,112,0.9026666666666666,1,0.11266666666666666,0,0.06466666666666666,0.109,2025-11-22,98.5
2025,20,DET,88.645,92,0.44466666666666665,0,0.08466666666666667,0,0.012,0.034666666666666665,2025-11-22,88.5
2025,20,EDM,89.96333333333334,93,0.567,1,0.07533333333333334,0,0.02666666666666667,0.055,2025-11-22,96.0
2025,20,FLA,96.13966666666667,84,0.7466666666666667,0,0.269,0,0.043666666666666666,0.11566666666666667,2025-11-22,94.5
2025,20,LAK,98.08366666666667,90,0.853,1,0.246,0,0.050333333333333334,0.09266666666666666,2025-11-22,98.0
2025,20,MIN,83.74566666666666,104,0.30133333333333334,1,0.0023333333333333335,0,0.005,0.014333333333333333,2025-11-22,94.0
2025,20,MTL,82.37566666666666,106,0.23533333333333334,1,0.026,0,0.0036666666666666666,0.015666666666666666,2025-11-22,91.0
2025,20,NJD,96.39466666666667,87,0.728,0,0.13766666666666666,0,0.030666666666666665,0.08466666666666667,2025-11-22,91.0
2025,20,NSH,73.102,86,0.065,0,0.0,0,0.001,0.0033333333333333335,2025-11-22,79.5
2025,20,NYI,89.65266666666666,91,0.465,0,0.037333333333333336,0,0.014666666666666666,0.031,2025-11-22,86.5
2025,20,NYR,87.239,77,0.37166666666666665,0,0.017333333333333333,0,0.014666666666666666,0.03333333333333333,2025-11-22,88.0
2025,20,OTT,89.98933333333333,99,0.5073333333333333,1,0.10866666666666666,0,0.017333333333333333,0.041,2025-11-22,94.0
2025,20,PHI,88.38366666666667,98,0.4166666666666667,1,0.036,0,0.009666666666666667,0.028,2025-11-22,83.5
2025,20,PIT,90.77966666666667,98,0.503,1,0.047,0,0.019333333333333334,0.051666666666666666,2025-11-22,85.5
2025,20,SEA,87.62766666666667,79,0.4633333333333333,0,0.04933333333333333,0,0.007666666666666666,0.022333333333333334,2025-11-22,83.5
2025,20,SJS,72.91233333333334,86,0.07433333333333333,0,0.002,0,0.0006666666666666666,0.002,2025-11-22,71.5
2025,20,STL,74.23233333333333,86,0.07433333333333333,0,0.0,0,0.0016666666666666668,0.005,2025-11-22,93.5
2025,20,TBL,98.49166666666666,106,0.8193333333333334,1,0.36533333333333334,0,0.06,0.13433333333333333,2025-11-22,96.5
2025,20,TOR,86.43366666666667,78,0.36533333333333334,0,0.055,0,0.013666666666666667,0.039,2025-11-22,99.5
2025,20,UTA,90.73833333333333,92,0.583,1,0.011666666666666667,0,0.016666666666666666,0.03,2025-11-22,90.0
2025,20,VAN,83.63933333333334,58,0.31933333333333336,0,0.02266666666666667,0,0.006333333333333333,0.016666666666666666,2025-11-22,90.5
2025,20,VGK,103.956,95,0.9346666666666666,1,0.522,1,0.09333333333333334,0.158,2025-11-22,100.5
2025,20,WPG,101.03433333333334,82,0.8926666666666667,0,0.09666666666666666,0,0.086,0.151,2025-11-22,103.5
2025,20,WSH,93.766,95,0.636,0,0.065,0,0.041,0.088,2025-11-22,101.0
