checked_at,ok,report_file,season,week,teams,rows,error
2026-10-10T03:39:26+00:00,1,reports/2026/week-05/2026-10-10T033926+0000_f2565afd4a37.json,2026,5,30,357,
2026-10-10T04:25:49+00:00,1,reports/2026/week-05/2026-10-10T033926+0000_f2565afd4a37.json,2026,5,30,357,
2026-10-10T04:37:50+00:00,1,reports/2026/week-05/2026-10-10T033926+0000_f2565afd4a37.json,2026,5,30,357,
2026-10-10T04:55:33+00:00,1,reports/2026/week-05/2026-10-10T033926+0000_f2565afd4a37.json,2026,5,30,357,
2026-10-10T05:18:50+00:00,1,reports/2026/week-05/2026-10-10T033926+0000_f2565afd4a37.json,2026,5,30,357,
2026-10-10T05:25:04+00:00,1,reports/2026/week-05/2026-10-10T033926+0000_f2565afd4a37.json,2026,5,30,357,
2026-10-10T05:45:17+00:00,1,reports/2026/week-05/2026-10-10T033926+0000_f2565afd4a37.json,2026,5,30,357,
2026-10-10T06:05:31+00:00,1,reports/2026/week-05/2026-10-10T033926+0000_f2565afd4a37.json,2026,5,30,357,
2026-10-10T06:18:13+00:00,1,reports/2026/week-05/2026-10-10T033926+0000_f2565afd4a37.json,2026,5,30,357,
2026-10-10T06:57:39+00:00,1,reports/2026/week-05/2026-10-10T033926+0000_f2565afd4a37.json,2026,5,30,357,
2026-10-10T07:08:20+00:00,1,reports/2026/week-05/2026-10-10T033926+0000_f2565afd4a37.json,2026,5,30,357,
2026-10-10T07:21:10+00:00,1,reports/2026/week-05/2026-10-10T033926+0000_f2565afd4a37.json,2026,5,30,357,
2026-10-10T07:27:56+00:00,1,reports/2026/week-05/2026-10-10T033926+0000_f2565afd4a37.json,2026,5,30,357,
2026-10-10T07:41:11+00:00,1,reports/2026/week-05/2026-10-10T033926+0000_f2565afd4a37.json,2026,5,30,357,
2026-10-10T07:57:32+00:00,1,reports/2026/week-05/2026-10-10T033926+0000_f2565afd4a37.json,2026,5,30,357,
2026-10-10T08:10:27+00:00,1,reports/2026/week-05/2026-10-10T033926+0000_f2565afd4a37.json,2026,5,30,357,
2026-10-10T08:17:38+00:00,1,reports/2026/week-05/2026-10-10T033926+0000_f2565afd4a37.json,2026,5,30,357,
2026-10-10T08:43:11+00:00,1,reports/2026/week-05/2026-10-10T033926+0000_f2565afd4a37.json,2026,5,30,357,
2026-10-10T08:56:12+00:00,1,reports/2026/week-05/2026-10-10T033926+0000_f2565afd4a37.json,2026,5,30,357,
2026-10-10T09:06:00+00:00,1,reports/2026/week-05/2026-10-10T033926+0000_f2565afd4a37.json,2026,5,30,357,
2026-10-10T09:25:55+00:00,1,reports/2026/week-05/2026-10-10T033926+0000_f2565afd4a37.json,2026,5,30,357,
2026-10-10T09:32:34+00:00,1,reports/2026/week-05/2026-10-10T033926+0000_f2565afd4a37.json,2026,5,30,357,
2026-10-10T09:41:53+00:00,1,reports/2026/week-05/2026-10-10T033926+0000_f2565afd4a37.json,2026,5,30,357,
2026-10-10T09:54:59+00:00,1,reports/2026/week-05/2026-10-10T033926+0000_f2565afd4a37.json,2026,5,30,357,
2026-10-10T10:08:09+00:00,1,reports/2026/week-05/2026-10-10T033926+0000_f2565afd4a37.json,2026,5,30,357,
2026-10-10T10:42:21+00:00,1,reports/2026/week-05/2026-10-10T033926+0000_f2565afd4a37.json,2026,5,30,357,
2026-10-10T11:03:31+00:00,1,reports/2026/week-05/2026-10-10T033926+0000_f2565afd4a37.json,2026,5,30,357,
2026-10-10T11:17:17+00:00,1,reports/2026/week-05/2026-10-10T033926+0000_f2565afd4a37.json,2026,5,30,357,
2026-10-10T11:30:47+00:00,1,reports/2026/week-05/2026-10-10T033926+0000_f2565afd4a37.json,2026,5,30,357,
2026-10-10T11:54:29+00:00,1,reports/2026/week-05/2026-10-10T033926+0000_f2565afd4a37.json,2026,5,30,357,
2026-10-10T12:03:37+00:00,1,reports/2026/week-05/2026-10-10T033926+0000_f2565afd4a37.json,2026,5,30,357,
2026-10-10T12:15:37+00:00,1,reports/2026/week-05/2026-10-10T033926+0000_f2565afd4a37.json,2026,5,30,357,
