game_date,matchup,team,player,status,reason,report,season
,SAS@OKC,San Antonio Spurs,"Ingram, Harrison",Out,G League - Two-Way,2025-12-25 05_30PM,2026
,SAS@OKC,San Antonio Spurs,"Jones Garcia, David",Out,G League - Two-Way,2025-12-25 05_30PM,2026
,SAS@OKC,San Antonio Spurs,"Umude, Stanley",Out,G League - Two-Way,2025-12-25 05_30PM,2026
,SAS@OKC,Oklahoma City Thunder,"Dieng, Ousmane",Out,Injury/Illness - Right Calf; Strain,2025-12-25 05_30PM,2026
,SAS@OKC,Oklahoma City Thunder,"Mitchell, Ajay",Out,Concussion Protocol Injury/Illness - Right ACL; Surgical,2025-12-25 05_30PM,2026
,SAS@OKC,Oklahoma City Thunder,"Sorber, Thomas",Out,Recovery,2025-12-25 05_30PM,2026
,SAS@OKC,Oklahoma City Thunder,"Topic, Nikola",Out,Injury/Illness - N/a; Surgical Recovery,2025-12-25 05_30PM,2026
,SAS@OKC,Oklahoma City Thunder,"Williams, Jaylin",Out,Injury/Illness - Right Heel; Bursitis,2025-12-25 05_30PM,2026
,DAL@GSW,Dallas Mavericks,"Christie, Max",Available,Injury/Illness - Illness; Illness,2025-12-25 05_30PM,2026
,DAL@GSW,Dallas Mavericks,"Cisse, Moussa",Out,G League - Two-Way,2025-12-25 05_30PM,2026
,DAL@GSW,Dallas Mavericks,"Exum, Dante",Out,Injury/Illness - Right Knee; Surgery,2025-12-25 05_30PM,2026
,DAL@GSW,Dallas Mavericks,"Irving, Kyrie",Out,Injury/Illness - Left Knee; Surgery,2025-12-25 05_30PM,2026
,DAL@GSW,Dallas Mavericks,"Kelly, Miles",Out,G League - Two-Way,2025-12-25 05_30PM,2026
,DAL@GSW,Dallas Mavericks,"Lively II, Dereck",Out,Injury/Illness - Right Foot; Surgery,2025-12-25 05_30PM,2026
,DAL@GSW,Dallas Mavericks,"Powell, Dwight",Available,Injury/Illness - Illness; Illness,2025-12-25 05_30PM,2026
,DAL@GSW,Dallas Mavericks,"Thompson, Klay",Available,Injury/Illness - Left Knee; Soreness,2025-12-25 05_30PM,2026
,DAL@GSW,Dallas Mavericks,"Washington, P.J.",Available,Injury/Illness - Right Midfoot; Soreness,2025-12-25 05_30PM,2026
,DAL@GSW,1,"Williams, Brandon",Available,Injury/Illness - Right Ankle; Sprain,2025-12-25 05_30PM,2026
,DAL@GSW,Golden State Warriors,"Cryer, LJ",Out,Injury/Illness - Left Low Back; Strain Injury/Illness - Left Glute; Injury,2025-12-25 05_30PM,2026
,DAL@GSW,Golden State Warriors,"Curry, Seth",Out,Management Injury/Illness - Right Sciatic Nerve;,2025-12-25 05_30PM,2026
,DAL@GSW,Golden State Warriors,"Horford, Al",Available,Irritation,2025-12-25 05_30PM,2026
,HOU@LAL,Houston Rockets,"Finney-Smith, Dorian",Questionable,Injury/Illness - Left Ankle; Surgery,2025-12-25 05_30PM,2026
,HOU@LAL,Houston Rockets,"Sengun, Alperen",Questionable,Injury/Illness - Left Calf; Tightness,2025-12-25 05_30PM,2026
,HOU@LAL,Houston Rockets,"Tate, Jae'Sean",Questionable,Injury/Illness - Left Wrist; Contusion,2025-12-25 05_30PM,2026
,HOU@LAL,Houston Rockets,"VanVleet, Fred",Out,Injury/Illness - Right Knee; ACL Repair Injury/Illness - Lower Left Leg;,2025-12-25 05_30PM,2026
,HOU@LAL,Los Angeles Lakers,"Doncic, Luka",Probable,Contusion Injury/Illness - Right Groin; Injury,2025-12-25 05_30PM,2026
,HOU@LAL,Los Angeles Lakers,"Hachimura, Rui",Probable,Management,2025-12-25 05_30PM,2026
,HOU@LAL,Los Angeles Lakers,"Hayes, Jaxson",Out,Injury/Illness - Left Ankle; Soreness,2025-12-25 05_30PM,2026
,HOU@LAL,Los Angeles Lakers,"Vincent, Gabe",Out,Injury/Illness - Lumbar Back; Strain,2025-12-25 05_30PM,2026
,MIN@DEN,Minnesota Timberwolves,"Hyland, Bones",Questionable,Injury/Illness - N/a; Illness Injury/Illness - Left Oblique;,2025-12-25 05_30PM,2026
,MIN@DEN,Minnesota Timberwolves,"McDaniels, Jaden",Probable,Contusion,2025-12-25 05_30PM,2026
,MIN@DEN,Denver Nuggets,"Bates, Tamar",Out,Injury/Illness - Left Foot; Surgery,2025-12-25 05_30PM,2026
,MIN@DEN,2,"Braun, Christian",Out,Injury/Illness - Left Ankle; Sprain Injury/Illness - Right Hamstring;,2025-12-25 05_30PM,2026
,MIN@DEN,2,"Gordon, Aaron",Out,Strain Injury/Illness - Right Knee;,2025-12-25 05_30PM,2026
,MIN@DEN,2,"Johnson, Cameron",Out,Hyperextension Injury Management,2025-12-25 05_30PM,2026
,MIN@DEN,2,"Valanciunas, Jonas",Probable,Injury/Illness - Illness; Illness,2025-12-25 05_30PM,2026
,CLE@NYK,Cleveland Cavaliers,"Livingston, Chris",Out,G League - Two-Way,2025-12-25 05_30PM,2026
,CLE@NYK,Cleveland Cavaliers,"Mobley, Evan",Available,Injury/Illness - Left Calf; Strain,2025-12-25 05_30PM,2026
,CLE@NYK,Cleveland Cavaliers,"Nance Jr., Larry",Out,Injury/Illness - Right Calf; Strain Injury/Illness - Left Foot; Surgery -,2025-12-25 05_30PM,2026
,CLE@NYK,Cleveland Cavaliers,"Strus, Max",Out,Jones Fracture,2025-12-25 05_30PM,2026
,CLE@NYK,Cleveland Cavaliers,"Travers, Luke",Out,G League - Two-Way,2025-12-25 05_30PM,2026
,CLE@NYK,New York Knicks,"McBride, Miles",Out,Injury/Illness - Left Ankle; Sprain,2025-12-25 05_30PM,2026
,CLE@NYK,New York Knicks,"Shamet, Landry",Out,Injury/Illness - Right Shoulder; Sprain,2025-12-25 05_30PM,2026
,CLE@NYK,New York Knicks,"Yabusele, Guerschon",Available,Injury/Illness - Illness; Illness,2025-12-25 05_30PM,2026
,BOS@IND,Boston Celtics,"Boucher, Chris",Out,Personal Reasons,2025-12-25 05_30PM,2026
,BOS@IND,Boston Celtics,"Harper Jr., Ron",Out,G League - Two-Way,2025-12-25 05_30PM,2026
,BOS@IND,Boston Celtics,"Shulga, Max",Out,G League - Two-Way,2025-12-25 05_30PM,2026
,BOS@IND,Boston Celtics,"Tatum, Jayson",Out,Injury/Illness - Right Achilles; Repair,2025-12-25 05_30PM,2026
,BOS@IND,Boston Celtics,"Walsh, Jordan",Probable,Injury/Illness - Illness; Non-Covid,2025-12-25 05_30PM,2026
,BOS@IND,Boston Celtics,"Williams, Amari",Out,G League - Two-Way Injury/Illness - Right Achilles Tendon;,2025-12-25 05_30PM,2026
,BOS@IND,Indiana Pacers,"Haliburton, Tyrese",Out,Tear,2025-12-25 05_30PM,2026
,BOS@IND,Indiana Pacers,"Jackson, Isaiah",Out,Injury/Illness - N/A; Concussion,2025-12-25 05_30PM,2026
,BOS@IND,Indiana Pacers,"Nesmith, Aaron",Out,Injury/Illness - Left Knee MCL; Sprain,2025-12-25 05_30PM,2026
,BOS@IND,Indiana Pacers,"Peter, Taelon",Probable,G League - Two-Way,2025-12-25 05_30PM,2026
,BOS@IND,Indiana Pacers,"Sheppard, Ben",Out,Injury/Illness - Left Calf; Strain Injury/Illness - Right Foot; Stress,2025-12-25 05_30PM,2026
,BOS@IND,Indiana Pacers,"Toppin, Obi",Out,Fracture,2025-12-25 05_30PM,2026
,CHA@ORL,Charlotte Hornets,"Kalkbrenner, Ryan",Out,Injury/Illness - Left Elbow; Sprain,2025-12-25 05_30PM,2026
,CHA@ORL,Charlotte Hornets,"McNeeley, Liam",Out,G League - On Assignment,2025-12-25 05_30PM,2026
,CHA@ORL,Charlotte Hornets,"Plumlee, Mason",Out,Injury/Illness - Right Groin; Strain,2025-12-25 05_30PM,2026
,CHA@ORL,Charlotte Hornets,"Reeves, Antonio",Out,G League - Two-Way,2025-12-25 05_30PM,2026
,CHA@ORL,Charlotte Hornets,"Simpson, KJ",Out,G League - Two-Way,2025-12-25 05_30PM,2026
,CHA@ORL,Charlotte Hornets,"Williams, Grant",Out,Injury/Illness - Right Knee; Surgery,2025-12-25 05_30PM,2026
,CHA@ORL,Orlando Magic,"Bitadze, Goga",Questionable,Injury/Illness - Left Knee; Strain,2025-12-25 05_30PM,2026
,CHA@ORL,Orlando Magic,"Castleton, Colin",Out,G League - Two-Way Injury/Illness - Right Shoulder;,2025-12-25 05_30PM,2026
,CHA@ORL,Orlando Magic,"da Silva, Tristan",Probable,Contusion,2025-12-25 05_30PM,2026
,CHA@ORL,Orlando Magic,"Suggs, Jalen",Doubtful,Injury/Illness - Left Hip; Contusion,2025-12-25 05_30PM,2026
,CHA@ORL,Orlando Magic,"Wagner, Franz",Out,Injury/Illness - Left High Ankle; Sprain,2025-12-25 05_30PM,2026
,CHA@ORL,Orlando Magic,"Wagner, Moritz",Out,Injury/Illness - Left Knee; Injury recovery,2025-12-25 05_30PM,2026
,MIA@ATL,Miami Heat,"Adebayo, Bam",Questionable,Injury/Illness - Lower Back; Soreness,2025-12-25 05_30PM,2026
,MIA@ATL,Miami Heat,"Goldin, Vladislav",Out,G League - Two-Way Injury/Illness - Right Big Toe;,2025-12-25 05_30PM,2026
,MIA@ATL,Miami Heat,"Herro, Tyler",Out,Contusion,2025-12-25 05_30PM,2026
,MIA@ATL,Miami Heat,"Jakucionis, Kasparas",Available,Injury/Illness - Left Ankle; Soreness,2025-12-25 05_30PM,2026
,MIA@ATL,Miami Heat,"Jaquez Jr., Jaime",Available,Injury/Illness - Left Calf; Soreness,2025-12-25 05_30PM,2026
,MIA@ATL,Miami Heat,"Johnson, Keshad",Questionable,Injury/Illness - Head; Illness Injury/Illness - Right Elbow;,2025-12-25 05_30PM,2026
,MIA@ATL,Miami Heat,"Jovic, Nikola",Probable,Contusion/Laceration,2025-12-25 05_30PM,2026
,MIA@ATL,Miami Heat,"Larsson, Pelle",Probable,Injury/Illness - Left Ankle; Sprain,2025-12-25 05_30PM,2026
,MIA@ATL,Miami Heat,"Mitchell, Davion",Available,Injury/Illness - Left Ankle; Sprain,2025-12-25 05_30PM,2026
,MIA@ATL,Miami Heat,"Rozier, Terry",Out,Not With Team Injury/Illness - Right Ankle;,2025-12-25 05_30PM,2026
,MIA@ATL,Miami Heat,"Smith, Dru",Available,Impingement,2025-12-25 05_30PM,2026
,MIA@ATL,Miami Heat,"Wiggins, Andrew",Available,Injury/Illness - Lower Back; Pain,2025-12-25 05_30PM,2026
,MIA@ATL,Miami Heat,"Young, Jahmir",Out,G League - Two-Way,2025-12-25 05_30PM,2026
,MIA@ATL,Atlanta Hawks,"Dante, N'Faly",Out,Injury/Illness - Right Knee; Torn ACL,2025-12-25 05_30PM,2026
,MIA@ATL,Atlanta Hawks,"Djurisic, Nikola",Questionable,G League - On Assignment,2025-12-25 05_30PM,2026
,MIA@ATL,Atlanta Hawks,"Gueye, Mouhamed",Questionable,Injury/Illness - Right Shoulder; Sprain,2025-12-25 05_30PM,2026
,MIA@ATL,Atlanta Hawks,"Houstan, Caleb",Questionable,G League - Two-Way,2025-12-25 05_30PM,2026
,MIA@ATL,5,"Ndiaye, Eli John",Out,G League - Two-Way,2025-12-25 05_30PM,2026
,MIA@ATL,5,"Porzingis, Kristaps",Out,Injury/Illness - N/A; Illness,2025-12-25 05_30PM,2026
,MIA@ATL,5,"Williams, Malik",Questionable,G League - Two-Way,2025-12-25 05_30PM,2026
,TOR@WAS,Toronto Raptors,"Barrett, RJ",Out,Injury/Illness - Right Knee; Sprain,2025-12-25 05_30PM,2026
,TOR@WAS,Toronto Raptors,"Hepburn, Chucky",Out,G League - Two-Way,2025-12-25 05_30PM,2026
,TOR@WAS,Toronto Raptors,"Lawson, A.J.",Out,G League - Two-Way,2025-12-25 05_30PM,2026
,TOR@WAS,Toronto Raptors,"Martin, Alijah",Out,G League - Two-Way,2025-12-25 05_30PM,2026
,TOR@WAS,Toronto Raptors,"Murray-Boyles, Collin",Questionable,Injury/Illness - Illness; Illness Injury/Illness - Back; Lower back -,2025-12-25 05_30PM,2026
,TOR@WAS,Toronto Raptors,"Poeltl, Jakob",Out,strain Injury/Illness - Left Hamstring;,2025-12-25 05_30PM,2026
,TOR@WAS,Washington Wizards,"Kispert, Corey",Out,Tightness Injury/Illness - Right Shoulder; Deep,2025-12-25 05_30PM,2026
,TOR@WAS,Washington Wizards,"Whitmore, Cam",Out,Vein Thrombosis,2025-12-25 05_30PM,2026
,PHI@CHI,Philadelphia 76ers,"Barlow, Dominick",Questionable,Injury/Illness - N/a; Illness,2025-12-25 05_30PM,2026
,PHI@CHI,Philadelphia 76ers,"Edgecombe, VJ",Questionable,Injury/Illness - N/a; Illness Injury/Illness - Right Knee; Injury,2025-12-25 05_30PM,2026
,PHI@CHI,Philadelphia 76ers,"Embiid, Joel",Questionable,Management,2025-12-25 05_30PM,2026
,PHI@CHI,Philadelphia 76ers,"Grimes, Quentin",Questionable,Injury/Illness - N/a; Illness,2025-12-25 05_30PM,2026
,PHI@CHI,Philadelphia 76ers,"Oubre Jr., Kelly",Out,Injury/Illness - Left Knee; Sprain,2025-12-25 05_30PM,2026
,PHI@CHI,Philadelphia 76ers,"Watford, Trendon",Out,Injury/Illness - Left Adductor; Strain,2025-12-25 05_30PM,2026
,PHI@CHI,Chicago Bulls,"Essengue, Noa",Out,Injury/Illness - Left Shoulder; Surgery,2025-12-25 05_30PM,2026
,PHI@CHI,Chicago Bulls,"Flowers, Trentyn",Out,G League - Two-Way,2025-12-25 05_30PM,2026
,PHI@CHI,Chicago Bulls,"Miller, Emanuel",Out,G League - Two-Way,2025-12-25 05_30PM,2026
,PHI@CHI,Chicago Bulls,"Olbrich, Lachlan",Out,G League - Two-Way,2025-12-25 05_30PM,2026
,MIL@MEM,Milwaukee Bucks,"Antetokounmpo, Alex",Out,G League - Two-Way,2025-12-25 05_30PM,2026
,MIL@MEM,Milwaukee Bucks,"Antetokounmpo, Giannis",Out,Injury/Illness - Right Calf; Strain,2025-12-25 05_30PM,2026
,MIL@MEM,Milwaukee Bucks,"Prince, Taurean",Out,Injury/Illness - Neck; Surgery,2025-12-25 05_30PM,2026
,MIL@MEM,Milwaukee Bucks,"Trent Jr., Gary",Questionable,Injury/Illness - Left Calf; Contusion NOT YET SUBMITTED NOT YET SUBMITTED,2025-12-25 05_30PM,2026
,PHX@NOP,New Orleans Pelicans,"Alexander, Trey",Out,G League - Two-Way,2025-12-25 05_30PM,2026
,PHX@NOP,New Orleans Pelicans,"Dickinson, Hunter",Out,G League - Two-Way,2025-12-25 05_30PM,2026
,PHX@NOP,New Orleans Pelicans,"Jones, Herbert",Out,Injury/Illness - Right Ankle; Sprain,2025-12-25 05_30PM,2026
,PHX@NOP,New Orleans Pelicans,"Murray, Dejounte",Out,Injury/Illness - Right Achilles; Rupture,2025-12-25 05_30PM,2026
,PHX@NOP,New Orleans Pelicans,"Poole, Jordan",Questionable,Injury/Illness - Left Ankle; Soreness NOT YET SUBMITTED NOT YET SUBMITTED NOT YET SUBMITTED NOT YET SUBMITTED,2025-12-25 05_30PM,2026
,CHA@IND,Charlotte Hornets,"Evbuomwan, Tosan",Out,G League - Two-Way,2026-02-26 05_30PM,2026
,CHA@IND,Charlotte Hornets,"Hall, PJ",Out,G League - Two-Way,2026-02-26 05_30PM,2026
,CHA@IND,Charlotte Hornets,"McNeeley, Liam",Out,Injury/Illness - Left Ankle; Sprain,2026-02-26 05_30PM,2026
,CHA@IND,Charlotte Hornets,"Reeves, Antonio",Out,G League - Two-Way,2026-02-26 05_30PM,2026
,CHA@IND,Charlotte Hornets,"Salaun, Tidjane",Out,G League - On Assignment,2026-02-26 05_30PM,2026
,CHA@IND,Indiana Pacers,"Furphy, Johnny",Out,Injury/Illness - Right ACL; Tear Injury/Illness - Right Achilles Tendon;,2026-02-26 05_30PM,2026
,CHA@IND,Indiana Pacers,"Haliburton, Tyrese",Out,Tear,2026-02-26 05_30PM,2026
,CHA@IND,Indiana Pacers,"Jackson, Quenton",Questionable,G League - Two-Way Injury/Illness - Lower Back; Injury,2026-02-26 05_30PM,2026
,CHA@IND,Indiana Pacers,"Nembhard, Andrew",Available,Management,2026-02-26 05_30PM,2026
,CHA@IND,Indiana Pacers,"Nesmith, Aaron",Out,Injury/Illness - Right Ankle; Sprain,2026-02-26 05_30PM,2026
,CHA@IND,Indiana Pacers,"Peter, Taelon",Questionable,G League - Two-Way,2026-02-26 05_30PM,2026
,CHA@IND,Indiana Pacers,"Siakam, Pascal",Out,Injury/Illness - Left Wrist; Sprain,2026-02-26 05_30PM,2026
,CHA@IND,Indiana Pacers,"Thompson, Ethan",Questionable,G League - Two-Way Injury/Illness - Right Foot; Stress,2026-02-26 05_30PM,2026
,CHA@IND,Indiana Pacers,"Toppin, Obi",Available,Fracture,2026-02-26 05_30PM,2026
,CHA@IND,Indiana Pacers,"Zubac, Ivica",Out,Injury/Illness - Left Ankle; Sprain,2026-02-26 05_30PM,2026
,MIA@PHI,Miami Heat,"Herro, Tyler",Available,Injury/Illness - Right Costochondral; Injury to the Ribs,2026-02-26 05_30PM,2026
,MIA@PHI,1,"Johnson, Keshad",Available,Injury/Illness - Left Knee; Soreness Injury/Illness - Lower Back; Injury,2026-02-26 05_30PM,2026
,MIA@PHI,1,"Jovic, Nikola",Out,Management,2026-02-26 05_30PM,2026
,MIA@PHI,1,"Larsson, Pelle",Available,Injury/Illness - Left 3rd Mallet; Finger,2026-02-26 05_30PM,2026
,MIA@PHI,1,"Mitchell, Davion",Questionable,Injury/Illness - Head; Illness,2026-02-26 05_30PM,2026
,MIA@PHI,1,"Powell, Norman",Questionable,Injury/Illness - Right Groin; Soreness,2026-02-26 05_30PM,2026
,MIA@PHI,1,"Rozier, Terry",Out,Not With Team,2026-02-26 05_30PM,2026
,MIA@PHI,1,"Smith, Dru",Available,Injury/Illness - Left Calf; Soreness Injury/Illness - Left Toe;,2026-02-26 05_30PM,2026
,MIA@PHI,1,"Wiggins, Andrew",Available,Inflammation,2026-02-26 05_30PM,2026
,MIA@PHI,Philadelphia 76ers,"Beauchamp, MarJon",Out,G League - Two-Way Injury/Illness - Right Knee; Meniscus,2026-02-26 05_30PM,2026
,MIA@PHI,Philadelphia 76ers,"Broome, Johni",Out,Tear Injury/Illness - Right Knee; Injury,2026-02-26 05_30PM,2026
,MIA@PHI,Philadelphia 76ers,"Embiid, Joel",Probable,Management/Right Shin Soreness,2026-02-26 05_30PM,2026
,MIA@PHI,Philadelphia 76ers,"George, Paul",Out,League Suspension Injury/Illness - Left Knee; Injury,2026-02-26 05_30PM,2026
,MIA@PHI,Philadelphia 76ers,"Oubre Jr., Kelly",Available,Recovery - Brace,2026-02-26 05_30PM,2026
,HOU@ORL,Houston Rockets,"Adams, Steven",Out,Injury/Illness - Left Ankle; Surgery,2026-02-26 05_30PM,2026
,HOU@ORL,Houston Rockets,"Newton, Tristen",Out,G League - Two-Way,2026-02-26 05_30PM,2026
,HOU@ORL,2,"Tate, Jae'Sean",Out,Injury/Illness - Right Knee; Sprain,2026-02-26 05_30PM,2026
,HOU@ORL,2,"VanVleet, Fred",Out,Injury/Illness - Right Knee; ACL Repair,2026-02-26 05_30PM,2026
,HOU@ORL,Orlando Magic,"Castleton, Colin",Out,G League - Two-Way,2026-02-26 05_30PM,2026
,HOU@ORL,Orlando Magic,"Morales, Alex",Out,G League - Two-Way,2026-02-26 05_30PM,2026
,HOU@ORL,Orlando Magic,"Suggs, Jalen",Questionable,Injury/Illness - Back; Strain Injury/Illness - Left Ankle; High Ankle,2026-02-26 05_30PM,2026
,HOU@ORL,Orlando Magic,"Wagner, Franz",Out,Sprain/Injury Management Injury/Illness - Left Hip Flexor;,2026-02-26 05_30PM,2026
,SAS@BKN,San Antonio Spurs,"Castle, Stephon",Questionable,Tightness,2026-02-26 05_30PM,2026
,SAS@BKN,San Antonio Spurs,"Ingram, Harrison",Out,G League - Two-Way,2026-02-26 05_30PM,2026
,SAS@BKN,San Antonio Spurs,"Johnson, Keldon",Questionable,Injury/Illness - Left Shoulder; Sprain,2026-02-26 05_30PM,2026
,SAS@BKN,San Antonio Spurs,"Jones Garcia, David",Out,G League - Two-Way,2026-02-26 05_30PM,2026
,SAS@BKN,San Antonio Spurs,"Miller, Emanuel",Out,G League - Two-Way Return to Competition,2026-02-26 05_30PM,2026
,SAS@BKN,San Antonio Spurs,"Plumlee, Mason",Out,Reconditioning,2026-02-26 05_30PM,2026
,SAS@BKN,Brooklyn Nets,"Etienne, Tyson",Out,G League - Two-Way,2026-02-26 05_30PM,2026
,SAS@BKN,Brooklyn Nets,"Johnson, Chaney",Out,G League - Two-Way,2026-02-26 05_30PM,2026
,SAS@BKN,Brooklyn Nets,"Liddell, E.J.",Out,G League - Two-Way,2026-02-26 05_30PM,2026
,SAS@BKN,Brooklyn Nets,"Minott, Josh",Available,G League - On Assignment,2026-02-26 05_30PM,2026
,SAS@BKN,Brooklyn Nets,"Saraf, Ben",Out,G League - On Assignment,2026-02-26 05_30PM,2026
,WAS@ATL,Washington Wizards,"Davis, Anthony",Out,Injury/Illness - Left Finger; Sprain,2026-02-26 05_30PM,2026
,WAS@ATL,3,"George, Kyshawn",Out,Injury/Illness - Left Knee; Contusion,2026-02-26 05_30PM,2026
,WAS@ATL,3,"Russell, D'Angelo",Out,Not With Team Injury/Illness - Right Hamstring;,2026-02-26 05_30PM,2026
,WAS@ATL,3,"Sarr, Alex",Out,Strain,2026-02-26 05_30PM,2026
,WAS@ATL,3,"Vukcevic, Tristan",Available,Injury/Illness - Left Hip; Impingement Injury/Illness - Right Shoulder; Deep,2026-02-26 05_30PM,2026
,WAS@ATL,3,"Whitmore, Cam",Out,Vein Thrombosis Injury/Illness - Right Knee; MCL,2026-02-26 05_30PM,2026
,WAS@ATL,3,"Young, Trae",Out,Sprain; Quad Contusion,2026-02-26 05_30PM,2026
,WAS@ATL,Atlanta Hawks,"Alexander-Walker, Nickeil",Questionable,Injury/Illness - Left Foot; Sprain,2026-02-26 05_30PM,2026
,WAS@ATL,Atlanta Hawks,"Dennis, RayJ",Out,G League - Two-Way,2026-02-26 05_30PM,2026
,WAS@ATL,Atlanta Hawks,"Houstan, Caleb",Out,G League - Two-Way Injury/Illness - Left Hip Flexor;,2026-02-26 05_30PM,2026
,WAS@ATL,Atlanta Hawks,"Johnson, Jalen",Out,Irritation,2026-02-26 05_30PM,2026
,WAS@ATL,Atlanta Hawks,"Newell, Asa",Available,G League - On Assignment,2026-02-26 05_30PM,2026
,WAS@ATL,Atlanta Hawks,"Risacher, Zaccharie",Questionable,Injury/Illness - Right Hip; Contusion Injury/Illness - Low Back; Injury,2026-02-26 05_30PM,2026
,POR@CHI,Portland Trail Blazers,"Avdija, Deni",Out,Management,2026-02-26 05_30PM,2026
,POR@CHI,Portland Trail Blazers,"Clingan, Donovan",Questionable,Injury/Illness - Illness; . Injury/Illness - Left Achilles Tendon;,2026-02-26 05_30PM,2026
,POR@CHI,Portland Trail Blazers,"Lillard, Damian",Out,Injury Management,2026-02-26 05_30PM,2026
,POR@CHI,Portland Trail Blazers,"Love, Caleb",Out,G League - Two-Way Injury/Illness - Left Calf; Fibula stress,2026-02-26 05_30PM,2026
,POR@CHI,4,"Sharpe, Shaedon",Out,reaction,2026-02-26 05_30PM,2026
,POR@CHI,4,"Williams III, Robert",Questionable,Injury/Illness - Right Foot; Soreness,2026-02-26 05_30PM,2026
,POR@CHI,4,"Yang, Hansen",Questionable,Injury/Illness - Mid Back; Soreness,2026-02-26 05_30PM,2026
,POR@CHI,Chicago Bulls,"Collins, Zach",Out,Injury/Illness - Right 1st Toe; Surgery,2026-02-26 05_30PM,2026
,POR@CHI,Chicago Bulls,"Essengue, Noa",Out,Injury/Illness - Left Shoulder; Surgery Injury/Illness - Left Patellofemoral;,2026-02-26 05_30PM,2026
,POR@CHI,Chicago Bulls,"Ivey, Jaden",Out,Pain Syndrome Injury/Illness - Left Ulnar Styloid;,2026-02-26 05_30PM,2026
,POR@CHI,Chicago Bulls,"Simons, Anfernee",Out,Fracture,2026-02-26 05_30PM,2026
,POR@CHI,Chicago Bulls,"Smith, Jalen",Out,Injury/Illness - Right Calf; Strain Injury/Illness - Right Quadricep;,2026-02-26 05_30PM,2026
,POR@CHI,Chicago Bulls,"Williams, Patrick",Out,Strain,2026-02-26 05_30PM,2026
,SAC@DAL,Sacramento Kings,"Cardwell, Dylan",Out,Injury/Illness - Left Ankle; Sprain Injury/Illness - Left Eye; Retinal,2026-02-26 05_30PM,2026
,SAC@DAL,Sacramento Kings,"Hunter, De'Andre",Out,Repair Injury/Illness - Right 5th Finger;,2026-02-26 05_30PM,2026
,SAC@DAL,Sacramento Kings,"LaVine, Zach",Out,Tendon Repair,2026-02-26 05_30PM,2026
,SAC@DAL,Sacramento Kings,"Monk, Malik",Questionable,Injury/Illness - Right Ankle; Soreness,2026-02-26 05_30PM,2026
,SAC@DAL,Sacramento Kings,"Murray, Keegan",Out,Injury/Illness - Left Ankle; Sprain Injury/Illness - Left Knee; Meniscus,2026-02-26 05_30PM,2026
,SAC@DAL,Sacramento Kings,"Sabonis, Domantas",Out,Repair,2026-02-26 05_30PM,2026
,SAC@DAL,5,"Stevens, Isaiah",Out,G League - Two-Way,2026-02-26 05_30PM,2026
,SAC@DAL,5,"Westbrook, Russell",Out,Injury/Illness - Right Thigh; Contusion,2026-02-26 05_30PM,2026
,SAC@DAL,Dallas Mavericks,"Cisse, Moussa",Probable,G League - Two-Way,2026-02-26 05_30PM,2026
,SAC@DAL,Dallas Mavericks,"Flagg, Cooper",Out,Injury/Illness - Left Midfoot; Sprain Injury/Illness - Right Ankle; Injury,2026-02-26 05_30PM,2026
,SAC@DAL,Dallas Mavericks,"Gafford, Daniel",Doubtful,Management,2026-02-26 05_30PM,2026
,SAC@DAL,Dallas Mavericks,"Irving, Kyrie",Out,Injury/Illness - Left Knee; Surgery,2026-02-26 05_30PM,2026
,SAC@DAL,Dallas Mavericks,"Kelly, Miles",Probable,G League - Two-Way,2026-02-26 05_30PM,2026
,SAC@DAL,Dallas Mavericks,"Lively II, Dereck",Out,Injury/Illness - Right Foot; Surgery Injury/Illness - Right Shoulder;,2026-02-26 05_30PM,2026
,SAC@DAL,Dallas Mavericks,"Middleton, Khris",Probable,Stinger,2026-02-26 05_30PM,2026
,SAC@DAL,Dallas Mavericks,"Nembhard, Ryan",Doubtful,G League - Two-Way,2026-02-26 05_30PM,2026
,SAC@DAL,Dallas Mavericks,"Washington, P.J.",Out,Injury/Illness - Left Ankle; Sprain,2026-02-26 05_30PM,2026
,LAL@PHX,Los Angeles Lakers,"Hachimura, Rui",Out,Injury/Illness - Illness; -,2026-02-26 05_30PM,2026
,LAL@PHX,Los Angeles Lakers,"Hayes, Jaxson",Probable,Injury/Illness - Right Ankle; Sprain,2026-02-26 05_30PM,2026
,LAL@PHX,Los Angeles Lakers,"James, Bronny",Out,G League - On Assignment,2026-02-26 05_30PM,2026
,LAL@PHX,Los Angeles Lakers,"Thiero, Adou",Out,G League - On Assignment,2026-02-26 05_30PM,2026
,LAL@PHX,Phoenix Suns,"Anthony, Cole",Out,Not With Team,2026-02-26 05_30PM,2026
,LAL@PHX,Phoenix Suns,"Booker, Devin",Out,Injury/Illness - Right Hip; Strain,2026-02-26 05_30PM,2026
,LAL@PHX,Phoenix Suns,"Brooks, Dillon",Out,Injury/Illness - Left Hand; Fracture,2026-02-26 05_30PM,2026
,LAL@PHX,6,"Goodwin, Jordan",Out,Injury/Illness - Left Calf; Strain Injury/Illness - Right Knee; Injury,2026-02-26 05_30PM,2026
,LAL@PHX,6,"Highsmith, Haywood",Out,Management,2026-02-26 05_30PM,2026
,NOP@UTA,New Orleans Pelicans,"Alexander, Trey",Out,G League - Two-Way,2026-02-26 05_30PM,2026
,NOP@UTA,New Orleans Pelicans,"Dickinson, Hunter",Out,G League - Two-Way,2026-02-26 05_30PM,2026
,NOP@UTA,New Orleans Pelicans,"Missi, Yves",Out,Injury/Illness - Left Calf; Strain Injury/Illness - Right Shoulder;,2026-02-26 05_30PM,2026
,NOP@UTA,New Orleans Pelicans,"Murphy III, Trey",Out,Contusion,2026-02-26 05_30PM,2026
,NOP@UTA,Utah Jazz,"George, Keyonte",Out,Injury/Illness - Right Ankle; Sprain Injury/Illness - Left Knee; Injury,2026-02-26 05_30PM,2026
,NOP@UTA,Utah Jazz,"Jackson Jr., Jaren",Out,recovery Injury/Illness - Left Shoulder; Injury,2026-02-26 05_30PM,2026
,NOP@UTA,Utah Jazz,"Kessler, Walker",Out,recovery Injury/Illness - Right Ankle; Sprain/,2026-02-26 05_30PM,2026
,NOP@UTA,Utah Jazz,"Markkanen, Lauri",Out,Right hip impingement,2026-02-26 05_30PM,2026
,NOP@UTA,Utah Jazz,"Nurkic, Jusuf",Out,Injury/Illness - Nose; Injury recovery Injury/Illness - Left Knee; Injury,2026-02-26 05_30PM,2026
,NOP@UTA,Utah Jazz,"Williams Jr., Vince",Out,management,2026-02-26 05_30PM,2026
,MIN@LAC,Minnesota Timberwolves,"Bernard, Jules",Out,G League - Two-Way,2026-02-26 05_30PM,2026
,MIN@LAC,Minnesota Timberwolves,"Freeman, Enrique",Out,G League - Two-Way,2026-02-26 05_30PM,2026
,MIN@LAC,Minnesota Timberwolves,"Zikarsky, Rocco",Out,G League - Two-Way,2026-02-26 05_30PM,2026
,MIN@LAC,LA Clippers,"Beal, Bradley",Out,Injury/Illness - Left Hip; Fracture Injury/Illness - Head; Laceration;,2026-02-26 05_30PM,2026
,MIN@LAC,7,"Collins, John",Out,Neck Soreness Injury/Illness - Left Toe; Injury,2026-02-26 05_30PM,2026
,MIN@LAC,7,"Garland, Darius",Out,Management,2026-02-26 05_30PM,2026
,MIN@LAC,7,"Leonard, Kawhi",Out,Injury/Illness - Left Ankle; Soreness Injury/Illness - Left Index Finger;,2026-02-26 05_30PM,2026
,CLE@DET,Cleveland Cavaliers,"Ellis, Keon",Questionable,Fracture,2026-02-26 05_30PM,2026
,CLE@DET,Cleveland Cavaliers,"Harden, James",Questionable,Injury/Illness - Right Thumb; Fracture,2026-02-26 05_30PM,2026
,CLE@DET,Cleveland Cavaliers,"Minix, Riley",Out,G League - Two-Way,2026-02-26 05_30PM,2026
,CLE@DET,Cleveland Cavaliers,"Mitchell, Donovan",Out,Injury/Illness - Right Groin; Strain,2026-02-26 05_30PM,2026
,CLE@DET,Cleveland Cavaliers,"Schroder, Dennis",Questionable,Injury/Illness - Right Ankle; Sprain Injury/Illness - Left Foot; Surgery -,2026-02-26 05_30PM,2026
,CLE@DET,Cleveland Cavaliers,"Strus, Max",Out,Jones Fracture,2026-02-26 05_30PM,2026
,CLE@DET,Cleveland Cavaliers,"Wade, Dean",Questionable,Injury/Illness - Right Ankle; Sprain,2026-02-26 05_30PM,2026
,CLE@DET,Detroit Pistons,"Klintman, Bobi",Out,G League - On Assignment,2026-02-26 05_30PM,2026
,CLE@DET,Detroit Pistons,"Lanier, Chaz",Out,G League - On Assignment,2026-02-26 05_30PM,2026
,CLE@DET,Detroit Pistons,"Moore Jr., Wendell",Out,G League - Two-Way,2026-02-26 05_30PM,2026
,CLE@DET,Detroit Pistons,"Stewart, Isaiah",Out,League Suspension NOT YET SUBMITTED,2026-02-26 05_30PM,2026
,BKN@BOS,Boston Celtics,"Shulga, Max",Out,G League - Two-Way,2026-02-26 05_30PM,2026
,BKN@BOS,Boston Celtics,"Tatum, Jayson",Out,Injury/Illness - Right Achilles; Repair,2026-02-26 05_30PM,2026
,BKN@BOS,8,"Williams, Amari",Out,G League - On Assignment NOT YET SUBMITTED NOT YET SUBMITTED NOT YET SUBMITTED NOT YET SUBMITTED NOT YET SUBMITTED NOT YET SUBMITTED,2026-02-26 05_30PM,2026
,CLE@ATL,Cleveland Cavaliers,"Allen, Jarrett",Out,Management,2026-04-10 05_30PM,2026
,CLE@ATL,Cleveland Cavaliers,"Bryant, Thomas",Out,Injury/Illness - Left Calf; Strain Injury/Illness - Left Hamstring; Injury,2026-04-10 05_30PM,2026
,CLE@ATL,Cleveland Cavaliers,"Merrill, Sam",Out,Management Injury/Illness - Right Ankle; Injury,2026-04-10 05_30PM,2026
,CLE@ATL,Cleveland Cavaliers,"Mitchell, Donovan",Out,Management Injury/Illness - Left Great Toe; Bone,2026-04-10 05_30PM,2026
,CLE@ATL,Cleveland Cavaliers,"Tyson, Jaylon",Probable,Bruise,2026-04-10 05_30PM,2026
,CLE@ATL,Atlanta Hawks,"Dennis, RayJ",Doubtful,G League - Two-Way,2026-04-10 05_30PM,2026
,CLE@ATL,Atlanta Hawks,"Gilbert, Keshon",Doubtful,G League - Two-Way Injury/Illness - Right High Ankle;,2026-04-10 05_30PM,2026
,CLE@ATL,Atlanta Hawks,"Landale, Jock",Out,Sprain,2026-04-10 05_30PM,2026
,DET@CHA,Detroit Pistons,"Huerter, Kevin",Probable,Injury/Illness - Illness; Illness,2026-04-10 05_30PM,2026
,DET@CHA,Detroit Pistons,"Jones, Isaac",Out,G League - Two-Way,2026-04-10 05_30PM,2026
,DET@CHA,Detroit Pistons,"Moore Jr., Wendell",Out,G League - Two-Way,2026-04-10 05_30PM,2026
,DET@CHA,Charlotte Hornets,"Evbuomwan, Tosan",Out,G League - Two-Way,2026-04-10 05_30PM,2026
,DET@CHA,Charlotte Hornets,"Hall, PJ",Out,Injury/Illness - Right Ankle; Fracture,2026-04-10 05_30PM,2026
,DET@CHA,Charlotte Hornets,"McNeeley, Liam",Out,G League - On Assignment,2026-04-10 05_30PM,2026
,DET@CHA,1,"Reeves, Antonio",Out,G League - Two-Way,2026-04-10 05_30PM,2026
,DET@CHA,1,"Salaun, Tidjane",Out,G League - On Assignment,2026-04-10 05_30PM,2026
,DET@CHA,1,"White, Coby",Available,Injury/Illness - Left Groin; Soreness,2026-04-10 05_30PM,2026
,MIA@WAS,Miami Heat,"Herro, Tyler",Out,Injury/Illness - Right Foot; Soreness,2026-04-10 05_30PM,2026
,MIA@WAS,Miami Heat,"Jovic, Nikola",Out,Injury/Illness - Left Ankle; Sprain Injury/Illness - Right Shoulder;,2026-04-10 05_30PM,2026
,MIA@WAS,Miami Heat,"Mitchell, Davion",Questionable,Contusion,2026-04-10 05_30PM,2026
,MIA@WAS,Miami Heat,"Powell, Norman",Out,Injury/Illness - Right Groin; Soreness,2026-04-10 05_30PM,2026
,MIA@WAS,Miami Heat,"Rozier, Terry",Out,Not With Team,2026-04-10 05_30PM,2026
,MIA@WAS,Miami Heat,"Smith, Dru",Out,Injury/Illness - Right Foot; Soreness Injury/Illness - Left Big Toe;,2026-04-10 05_30PM,2026
,MIA@WAS,Miami Heat,"Wiggins, Andrew",Available,Sesamoiditis,2026-04-10 05_30PM,2026
,MIA@WAS,Washington Wizards,"Champagnie, Justin",Out,Injury/Illness - Right Knee; Contusion Injury/Illness - Right Retrocalcaneal;,2026-04-10 05_30PM,2026
,MIA@WAS,Washington Wizards,"Coulibaly, Bilal",Available,Bursitis,2026-04-10 05_30PM,2026
,MIA@WAS,Washington Wizards,"Davis, Anthony",Out,Injury/Illness - Left Finger; Sprain,2026-04-10 05_30PM,2026
,MIA@WAS,Washington Wizards,"George, Kyshawn",Out,Injury/Illness - Left Elbow; Sprain Injury/Illness - Cervical/lumbar;,2026-04-10 05_30PM,2026
,MIA@WAS,Washington Wizards,"Gill, Anthony",Available,Contusion,2026-04-10 05_30PM,2026
,MIA@WAS,Washington Wizards,"Hardy, Jaden",Available,Injury/Illness - Low Back; Spasm,2026-04-10 05_30PM,2026
,MIA@WAS,Washington Wizards,"Johnson, Tre",Out,Injury/Illness - Right Foot; Sprain; Low Back Strain,2026-04-10 05_30PM,2026
,MIA@WAS,2,"Russell, D'Angelo",Out,Not With Team,2026-04-10 05_30PM,2026
,MIA@WAS,2,"Sarr, Alex",Out,Injury/Illness - Left Big Toe; Capsulitis,2026-04-10 05_30PM,2026
,MIA@WAS,2,"Vukcevic, Tristan",Out,Injury/Illness - Right Knee; Contusion Injury/Illness - Right Shoulder; Deep,2026-04-10 05_30PM,2026
,MIA@WAS,2,"Whitmore, Cam",Out,Vein Thrombosis Injury/Illness - Low Back; Pain; Right,2026-04-10 05_30PM,2026
,MIA@WAS,2,"Young, Trae",Out,Quad Contusion,2026-04-10 05_30PM,2026
,NOP@BOS,New Orleans Pelicans,"Bey, Saddiq",Out,Rest,2026-04-10 05_30PM,2026
,NOP@BOS,New Orleans Pelicans,"Jones, Herbert",Out,Rest Injury/Illness - Low Back; Injury,2026-04-10 05_30PM,2026
,NOP@BOS,New Orleans Pelicans,"Matkovic, Karlo",Out,Management Injury/Illness - Right Small Toe;,2026-04-10 05_30PM,2026
,NOP@BOS,New Orleans Pelicans,"McGowens, Bryce",Out,Fracture Injury/Illness - Right Hand/Finger;,2026-04-10 05_30PM,2026
,NOP@BOS,New Orleans Pelicans,"Missi, Yves",Out,Sprain,2026-04-10 05_30PM,2026
,NOP@BOS,New Orleans Pelicans,"Murphy III, Trey",Out,Injury/Illness - Right Ankle; Sprain,2026-04-10 05_30PM,2026
,NOP@BOS,New Orleans Pelicans,"Murray, Dejounte",Out,Injury/Illness - Left Hand; Contusion Injury/Illness - Right Knee; Injury,2026-04-10 05_30PM,2026
,NOP@BOS,New Orleans Pelicans,"Williamson, Zion",Out,Management Injury/Illness - Left Achilles;,2026-04-10 05_30PM,2026
,NOP@BOS,Boston Celtics,"Brown, Jaylen",Questionable,Tendinitis,2026-04-10 05_30PM,2026
,NOP@BOS,3,"Hauser, Sam",Probable,Injury/Illness - Low Back; Spasm,2026-04-10 05_30PM,2026
,NOP@BOS,3,"Queta, Neemias",Probable,Injury/Illness - Right Toe; Sprain Injury/Illness - Right Achilles; Repair,2026-04-10 05_30PM,2026
,NOP@BOS,3,"Tatum, Jayson",Out,Management,2026-04-10 05_30PM,2026
,NOP@BOS,3,"White, Derrick",Probable,Injury/Illness - Right Knee; Contusion Injury/Illness - Right Knee; Surgery,2026-04-10 05_30PM,2026
,PHI@IND,Philadelphia 76ers,"Broome, Johni",Out,Recovery Injury/Illness - N/a; Appendectomy,2026-04-10 05_30PM,2026
,PHI@IND,Philadelphia 76ers,"Embiid, Joel",Out,Recovery Injury/Illness - Right Finger; Tendon,2026-04-10 05_30PM,2026
,PHI@IND,Philadelphia 76ers,"Maxey, Tyrese",Available,Strain - Splint Injury/Illness - Right Hamstring;,2026-04-10 05_30PM,2026
,PHI@IND,Philadelphia 76ers,"Payne, Cameron",Out,Strain,2026-04-10 05_30PM,2026
,PHI@IND,Indiana Pacers,"Brown, Kobe",Questionable,Injury/Illness - Lumbar; Sprain,2026-04-10 05_30PM,2026
,PHI@IND,Indiana Pacers,"Furphy, Johnny",Out,Injury/Illness - Right ACL; Tear Injury/Illness - Right Achilles Tendon;,2026-04-10 05_30PM,2026
,PHI@IND,Indiana Pacers,"Haliburton, Tyrese",Out,Tear Injury/Illness - Bilateral Hamstring;,2026-04-10 05_30PM,2026
,PHI@IND,Indiana Pacers,"McConnell, T.J.",Out,Injury Management Injury/Illness - N/A; Thoracic and,2026-04-10 05_30PM,2026
,PHI@IND,Indiana Pacers,"Nembhard, Andrew",Out,Lumbar Injury Management,2026-04-10 05_30PM,2026
,PHI@IND,Indiana Pacers,"Nesmith, Aaron",Out,Injury/Illness - Cervical; Strain,2026-04-10 05_30PM,2026
,PHI@IND,Indiana Pacers,"Sheppard, Ben",Questionable,Injury/Illness - Right Hip; Sprain,2026-04-10 05_30PM,2026
,PHI@IND,4,"Siakam, Pascal",Out,Injury/Illness - Left Ankle; Sprain,2026-04-10 05_30PM,2026
,PHI@IND,4,"Walker, Jarace",Questionable,Injury/Illness - Sacral; Contusion,2026-04-10 05_30PM,2026
,PHI@IND,4,"Zubac, Ivica",Out,Injury/Illness - Rib; Fracture Injury/Illness - Right Knee; Surgery,2026-04-10 05_30PM,2026
,TOR@NYK,Toronto Raptors,"Hepburn, Chucky",Out,Recovery,2026-04-10 05_30PM,2026
,TOR@NYK,Toronto Raptors,"Jackson-Davis, Trayce",Out,Injury/Illness - Illness; Illness,2026-04-10 05_30PM,2026
,TOR@NYK,Toronto Raptors,"Key, Tyreke",Out,Not With Team,2026-04-10 05_30PM,2026
,TOR@NYK,Toronto Raptors,"Murray-Boyles, Collin",Out,Injury/Illness - Neck; Sprain Injury/Illness - Right Foot; Injury,2026-04-10 05_30PM,2026
,TOR@NYK,Toronto Raptors,"Quickley, Immanuel",Out,Management - Plantar Fasciitis Injury/Illness - Right Oblique; Right,2026-04-10 05_30PM,2026
,TOR@NYK,New York Knicks,"Kolek, Tyler",Questionable,Oblique Strain Injury/Illness - Pelvic; Core Muscle,2026-04-10 05_30PM,2026
,TOR@NYK,New York Knicks,"McBride, Miles",Out,Injury Management Injury/Illness - Left Ankle; Left Ankle,2026-04-10 05_30PM,2026
,TOR@NYK,New York Knicks,"Robinson, Mitchell",Out,Injury Management Injury/Illness - Right Fifth Finger;,2026-04-10 05_30PM,2026
,BKN@MIL,Brooklyn Nets,"Claxton, Nic",Out,Sprain Injury/Illness - Left Ankle; Injury,2026-04-10 05_30PM,2026
,BKN@MIL,Brooklyn Nets,"Clowney, Noah",Out,Management Injury/Illness - Left Plantar Fascia;,2026-04-10 05_30PM,2026
,BKN@MIL,Brooklyn Nets,"Demin, Egor",Out,Injury Management Injury/Illness - Right Patella;,2026-04-10 05_30PM,2026
,BKN@MIL,5,"Mann, Terance",Out,Tendinosis,2026-04-10 05_30PM,2026
,BKN@MIL,5,"Minott, Josh",Out,Injury/Illness - Left Ankle; Soreness,2026-04-10 05_30PM,2026
,BKN@MIL,5,"Porter Jr., Michael",Out,Injury/Illness - Left Hamstring; Strain Injury/Illness - Left Knee; Injury,2026-04-10 05_30PM,2026
,BKN@MIL,5,"Powell, Drake",Out,Management,2026-04-10 05_30PM,2026
,BKN@MIL,5,"Sharpe, Day'Ron",Out,Injury/Illness - Left Thumb; Surgery Injury/Illness - Left Foot;,2026-04-10 05_30PM,2026
,BKN@MIL,5,"Williams, Ziaire",Out,Tenosynovitis / Bursitis,2026-04-10 05_30PM,2026
,BKN@MIL,5,"Wolf, Danny",Out,Injury/Illness - Left Ankle; Sprain Injury/Illness - Left Knee;,2026-04-10 05_30PM,2026
,BKN@MIL,Milwaukee Bucks,"Antetokounmpo, Giannis",Out,Hyperextension; Bone Bruise,2026-04-10 05_30PM,2026
,BKN@MIL,Milwaukee Bucks,"Nance, Pete",Out,Injury/Illness - Right Knee; Sprain,2026-04-10 05_30PM,2026
,BKN@MIL,Milwaukee Bucks,"Porter Jr., Kevin",Out,Injury/Illness - Right Knee; Surgery,2026-04-10 05_30PM,2026
,BKN@MIL,Milwaukee Bucks,"Portis, Bobby",Out,Injury/Illness - Left Wrist; Sprain Injury/Illness - Oblique Muscle; Strain,2026-04-10 05_30PM,2026
,BKN@MIL,Milwaukee Bucks,"Trent Jr., Gary",Out,(internal) Injury/Illness - Left Shoulder;,2026-04-10 05_30PM,2026
,DAL@SAS,Dallas Mavericks,"Bagley III, Marvin",Questionable,Impingement,2026-04-10 05_30PM,2026
,DAL@SAS,Dallas Mavericks,"Cisse, Moussa",Probable,G League - Two-Way,2026-04-10 05_30PM,2026
,DAL@SAS,Dallas Mavericks,"Flagg, Cooper",Probable,Injury/Illness - Left Wrist; Sprain,2026-04-10 05_30PM,2026
,DAL@SAS,Dallas Mavericks,"Gafford, Daniel",Doubtful,Rest,2026-04-10 05_30PM,2026
,DAL@SAS,6,"Irving, Kyrie",Out,Injury/Illness - Left Knee; Surgery,2026-04-10 05_30PM,2026
,DAL@SAS,6,"Lively II, Dereck",Out,Injury/Illness - Right Foot; Surgery,2026-04-10 05_30PM,2026
,DAL@SAS,6,"Marshall, Naji",Doubtful,Injury/Illness - Left Hip; Contusion Injury/Illness - Right Plantar Fascia;,2026-04-10 05_30PM,2026
,DAL@SAS,6,"Martin, Caleb",Doubtful,Strain,2026-04-10 05_30PM,2026
,DAL@SAS,6,"Poulakidas, John",Probable,G League - Two-Way,2026-04-10 05_30PM,2026
,DAL@SAS,6,"Powell, Dwight",Questionable,Injury/Illness - Left Hip; Soreness,2026-04-10 05_30PM,2026
,DAL@SAS,6,"Smith, Tyler",Probable,G League - Two-Way,2026-04-10 05_30PM,2026
,DAL@SAS,6,"Washington, P.J.",Doubtful,Injury/Illness - Left Elbow; Sprain,2026-04-10 05_30PM,2026
,DAL@SAS,6,"Williams, Brandon",Doubtful,Injury/Illness - Illness; Illness,2026-04-10 05_30PM,2026
,DAL@SAS,San Antonio Spurs,"Castle, Stephon",Questionable,Injury/Illness - Left Foot; Soreness,2026-04-10 05_30PM,2026
,DAL@SAS,San Antonio Spurs,"Ingram, Harrison",Questionable,G League - Two-Way,2026-04-10 05_30PM,2026
,DAL@SAS,San Antonio Spurs,"Jones Garcia, David",Out,Injury/Illness - Right Ankle; Surgery,2026-04-10 05_30PM,2026
,DAL@SAS,San Antonio Spurs,"Miller, Emanuel",Out,G League - Two-Way,2026-04-10 05_30PM,2026
,DAL@SAS,San Antonio Spurs,"Wembanyama, Victor",Questionable,Injury/Illness - Left Rib; Contusion Injury/Illness - Nasal Fracture; Face,2026-04-10 05_30PM,2026
,ORL@CHI,Orlando Magic,"Carter Jr., Wendell",Available,Mask,2026-04-10 05_30PM,2026
,ORL@CHI,Orlando Magic,"Howard, Jett",Out,Injury/Illness - Left Ankle; Sprain,2026-04-10 05_30PM,2026
,ORL@CHI,Orlando Magic,"Isaac, Jonathan",Out,Injury/Illness - Left Knee; Sprain,2026-04-10 05_30PM,2026
,ORL@CHI,Chicago Bulls,"Buzelis, Matas",Questionable,Injury/Illness - N/a; Illness,2026-04-10 05_30PM,2026
,ORL@CHI,7,"Collins, Zach",Out,Injury/Illness - Right 1st Toe; Sprain,2026-04-10 05_30PM,2026
,ORL@CHI,7,"Essengue, Noa",Out,Injury/Illness - Left Shoulder; Surgery Injury/Illness - Left Hamstring; Strain;,2026-04-10 05_30PM,2026
,ORL@CHI,7,"Giddey, Josh",Out,Injury Management,2026-04-10 05_30PM,2026
,ORL@CHI,7,"Miller, Leonard",Probable,Injury/Illness - Right Hand; Sprain Injury/Illness - Left Quadricep;,2026-04-10 05_30PM,2026
,ORL@CHI,7,"Okoro, Isaac",Doubtful,Contusion Injury/Illness - Bilateral Plantar,2026-04-10 05_30PM,2026
,ORL@CHI,7,"Olbrich, Lachlan",Probable,Fascia; Fasciitis,2026-04-10 05_30PM,2026
,ORL@CHI,7,"Richards, Nick",Out,Injury/Illness - Right Elbow; Sprain Injury/Illness - Right Finger; Mallet,2026-04-10 05_30PM,2026
,ORL@CHI,7,"Sexton, Collin",Probable,Finger Injury/Illness - Left Ulnar Styloid;,2026-04-10 05_30PM,2026
,ORL@CHI,7,"Simons, Anfernee",Out,Fracture,2026-04-10 05_30PM,2026
,ORL@CHI,7,"Smith, Jalen",Out,Injury/Illness - Right Calf; Sprain,2026-04-10 05_30PM,2026
,ORL@CHI,7,"Williams, Patrick",Probable,Injury/Illness - Left Thumb; Sprain Injury/Illness - Left Shoulder; Sprain;,2026-04-10 05_30PM,2026
,ORL@CHI,7,"Yabusele, Guerschon",Out,L Elbow Sprain,2026-04-10 05_30PM,2026
,OKC@DEN,Oklahoma City Thunder,"Caruso, Alex",Out,Rest - Rest Injury/Illness - Right Oblique; Injury,2026-04-10 05_30PM,2026
,OKC@DEN,Oklahoma City Thunder,"Gilgeous-Alexander, Shai",Out,Management Injury/Illness - Left Soleus; Injury,2026-04-10 05_30PM,2026
,OKC@DEN,Oklahoma City Thunder,"Hartenstein, Isaiah",Out,Management,2026-04-10 05_30PM,2026
,OKC@DEN,8,"Holmgren, Chet",Out,Injury/Illness - Low Back; Spasms,2026-04-10 05_30PM,2026
,OKC@DEN,8,"Joe, Isaiah",Out,Injury/Illness - Left Knee; Soreness Injury/Illness - Left Ankle; Injury,2026-04-10 05_30PM,2026
,OKC@DEN,8,"Mitchell, Ajay",Out,Management Injury/Illness - Right ACL; Surgical,2026-04-10 05_30PM,2026
,OKC@DEN,8,"Sorber, Thomas",Out,Recovery Injury/Illness - Left Great Toe;,2026-04-10 05_30PM,2026
,OKC@DEN,8,"Wallace, Cason",Out,Soreness Injury/Illness - Right Hamstring;,2026-04-10 05_30PM,2026
,OKC@DEN,8,"Williams, Jalen",Out,Injury Management Injury/Illness - Right Achilles;,2026-04-10 05_30PM,2026
,OKC@DEN,8,"Williams, Jaylin",Out,Tendinitis Injury/Illness - Left Ankle; Injury,2026-04-10 05_30PM,2026
,OKC@DEN,Denver Nuggets,"Braun, Christian",Questionable,Management/Right Hip Flexor Strain Injury/Illness - Right Hamstring;,2026-04-10 05_30PM,2026
,OKC@DEN,Denver Nuggets,"Gordon, Aaron",Questionable,Injury Management Injury/Illness - Right Ankle; Injury,2026-04-10 05_30PM,2026
,OKC@DEN,Denver Nuggets,"Johnson, Cameron",Questionable,Management Injury/Illness - Right Wrist; Injury,2026-04-10 05_30PM,2026
,OKC@DEN,Denver Nuggets,"Jokic, Nikola",Questionable,Management Injury/Illness - Right Hamstring;,2026-04-10 05_30PM,2026
,OKC@DEN,Denver Nuggets,"Jones, Spencer",Out,Strain Injury/Illness - Right Shoulder;,2026-04-10 05_30PM,2026
,OKC@DEN,Denver Nuggets,"Murray, Jamal",Questionable,Impingement Injury/Illness - Right Hamstring;,2026-04-10 05_30PM,2026
,OKC@DEN,9,"Watson, Peyton",Out,Strain Injury/Illness - Right Knee; Surgery,2026-04-10 05_30PM,2026
,MEM@UTA,Memphis Grizzlies,"Aldama, Santi",Out,Recovery Injury/Illness - Right 5th Finger;,2026-04-10 05_30PM,2026
,MEM@UTA,Memphis Grizzlies,"Caldwell-Pope, Kentavious",Out,Surgery Recovery,2026-04-10 05_30PM,2026
,MEM@UTA,Memphis Grizzlies,"Clarke, Brandon",Out,Injury/Illness - Right Calf; Strain,2026-04-10 05_30PM,2026
,MEM@UTA,Memphis Grizzlies,"Clayton Jr., Walter",Questionable,Injury/Illness - Left Hip; Soreness,2026-04-10 05_30PM,2026
,MEM@UTA,Memphis Grizzlies,"Coward, Cedric",Out,Injury/Illness - Low Back; Soreness Injury/Illness - Left Ankle and Elbow;,2026-04-10 05_30PM,2026
,MEM@UTA,Memphis Grizzlies,"Edey, Zach",Out,Surgery Recovery,2026-04-10 05_30PM,2026
,MEM@UTA,Memphis Grizzlies,"Hendricks, Taylor",Out,Injury/Illness - Right Thumb; Sprain,2026-04-10 05_30PM,2026
,MEM@UTA,Memphis Grizzlies,"Jackson, GG",Out,Injury/Illness - Left Knee; Soreness,2026-04-10 05_30PM,2026
,MEM@UTA,Memphis Grizzlies,"Jerome, Ty",Out,Injury/Illness - Left Ankle; Sprain Injury/Illness - Nasal Fracture; Face,2026-04-10 05_30PM,2026
,MEM@UTA,Memphis Grizzlies,"Mashack, Jahmai",Available,Mask,2026-04-10 05_30PM,2026
,MEM@UTA,Memphis Grizzlies,"Morant, Ja",Out,Injury/Illness - Left Elbow; UCL Sprain Injury/Illness - Right Great Toe;,2026-04-10 05_30PM,2026
,MEM@UTA,Memphis Grizzlies,"Pippen Jr., Scotty",Out,Surgery Recovery,2026-04-10 05_30PM,2026
,MEM@UTA,Memphis Grizzlies,"Prosper, Olivier-Maxence",Doubtful,Injury/Illness - Right Ankle; Soreness,2026-04-10 05_30PM,2026
,MEM@UTA,Memphis Grizzlies,"Small, Javon",Questionable,Injury/Illness - Left Thigh; Contusion,2026-04-10 05_30PM,2026
,MEM@UTA,Memphis Grizzlies,"Spencer, Cam",Out,Injury/Illness - Low Back; Soreness Injury/Illness - Right Great Toe;,2026-04-10 05_30PM,2026
,MEM@UTA,10,"Wells, Jaylen",Out,Surgery Recovery,2026-04-10 05_30PM,2026
,MEM@UTA,Utah Jazz,"Collier, Isaiah",Out,Injury/Illness - Left Hamstring; Strain Injury/Illness - Low Back; Injury,2026-04-10 05_30PM,2026
,MEM@UTA,Utah Jazz,"Filipowski, Kyle",Out,management Injury/Illness - Right Hamstring;,2026-04-10 05_30PM,2026
,MEM@UTA,Utah Jazz,"George, Keyonte",Out,Strain,2026-04-10 05_30PM,2026
,MEM@UTA,Utah Jazz,"Harkless, Elijah",Out,Injury/Illness - Left Hamstring; Strain Injury/Illness - Left Knee; Injury,2026-04-10 05_30PM,2026
,MEM@UTA,Utah Jazz,"Jackson Jr., Jaren",Out,recovery Injury/Illness - Left Shoulder; Injury,2026-04-10 05_30PM,2026
,MEM@UTA,Utah Jazz,"Kessler, Walker",Out,recovery Injury/Illness - Right Hip;,2026-04-10 05_30PM,2026
,MEM@UTA,Utah Jazz,"Markkanen, Lauri",Out,Impingement,2026-04-10 05_30PM,2026
,MEM@UTA,Utah Jazz,"Nurkic, Jusuf",Out,Injury/Illness - Nose; Injury recovery,2026-04-10 05_30PM,2026
,MEM@UTA,Utah Jazz,"Sensabaugh, Brice",Out,Rest Injury/Illness - Right Calf; Injury,2026-04-10 05_30PM,2026
,MIN@HOU,Minnesota Timberwolves,"Dosunmu, Ayo",Available,Maintenance Injury/Illness - Right Knee; Injury,2026-04-10 05_30PM,2026
,MIN@HOU,Minnesota Timberwolves,"Edwards, Anthony",Questionable,Maintenance,2026-04-10 05_30PM,2026
,MIN@HOU,Minnesota Timberwolves,"Gobert, Rudy",Out,Rest,2026-04-10 05_30PM,2026
,MIN@HOU,Minnesota Timberwolves,"Hyland, Bones",Out,Injury/Illness - Right Hip; Soreness,2026-04-10 05_30PM,2026
,MIN@HOU,Minnesota Timberwolves,"Ingles, Joe",Out,Personal Reasons,2026-04-10 05_30PM,2026
,MIN@HOU,11,"Randle, Julius",Out,Injury/Illness - Right Hand; Soreness Injury/Illness - Right Shoulder; Injury,2026-04-10 05_30PM,2026
,MIN@HOU,11,"Reid, Naz",Questionable,Maintenance,2026-04-10 05_30PM,2026
,MIN@HOU,Houston Rockets,"Adams, Steven",Out,Injury/Illness - Left Ankle; Surgery,2026-04-10 05_30PM,2026
,MIN@HOU,Houston Rockets,"Eason, Tari",Questionable,Injury/Illness - N/a; Illness,2026-04-10 05_30PM,2026
,MIN@HOU,Houston Rockets,"VanVleet, Fred",Out,Injury/Illness - Right Knee; ACL Repair,2026-04-10 05_30PM,2026
,GSW@SAC,Golden State Warriors,"Bassey, Charles",Probable,Injury/Illness - Left Ankle; Sprain,2026-04-10 05_30PM,2026
,GSW@SAC,Golden State Warriors,"Butler III, Jimmy",Out,Injury/Illness - Right ACL; Surgery,2026-04-10 05_30PM,2026
,GSW@SAC,Golden State Warriors,"Cryer, LJ",Out,Injury/Illness - Right Ankle; Sprain Injury/Illness - Left Adductor; Injury,2026-04-10 05_30PM,2026
,GSW@SAC,Golden State Warriors,"Curry, Seth",Out,Management Injury/Illness - Right Knee; Injury,2026-04-10 05_30PM,2026
,GSW@SAC,Golden State Warriors,"Curry, Stephen",Probable,Management Injury/Illness - Left Patellar Tendon;,2026-04-10 05_30PM,2026
,GSW@SAC,Golden State Warriors,"Moody, Moses",Out,Surgery Injury/Illness - Right Knee; Injury,2026-04-10 05_30PM,2026
,GSW@SAC,Golden State Warriors,"Porzingis, Kristaps",Probable,Management Injury/Illness - Right Foot; Injury,2026-04-10 05_30PM,2026
,GSW@SAC,Golden State Warriors,"Post, Quinten",Out,Management Injury/Illness - Bilateral Low Back;,2026-04-10 05_30PM,2026
,GSW@SAC,Golden State Warriors,"Richard, Will",Questionable,Strain Injury/Illness - Right Pelvic;,2026-04-10 05_30PM,2026
,GSW@SAC,Golden State Warriors,"Santos, Gui",Questionable,Contusion,2026-04-10 05_30PM,2026
,GSW@SAC,Sacramento Kings,"Baldwin Jr., Patrick",Out,G League - Two-Way Injury/Illness - Right Hamstring;,2026-04-10 05_30PM,2026
,GSW@SAC,Sacramento Kings,"DeRozan, DeMar",Out,Soreness Injury/Illness - Left Thumb; UCL,2026-04-10 05_30PM,2026
,GSW@SAC,Sacramento Kings,"Eubanks, Drew",Out,Repair Injury/Illness - Left Eye; Retinal,2026-04-10 05_30PM,2026
,GSW@SAC,Sacramento Kings,"Hunter, De'Andre",Out,Repair Injury/Illness - Right 5th Finger;,2026-04-10 05_30PM,2026
,GSW@SAC,Sacramento Kings,"LaVine, Zach",Out,Tendon Repair,2026-04-10 05_30PM,2026
,GSW@SAC,Sacramento Kings,"Murray, Keegan",Out,Injury/Illness - Left Ankle; Sprain Injury/Illness - Left Knee; Meniscus,2026-04-10 05_30PM,2026
,GSW@SAC,Sacramento Kings,"Sabonis, Domantas",Out,Repair,2026-04-10 05_30PM,2026
,GSW@SAC,Sacramento Kings,"Stevens, Isaiah",Out,G League - Two-Way Injury/Illness - Right Toe; Injury,2026-04-10 05_30PM,2026
,GSW@SAC,Sacramento Kings,"Westbrook, Russell",Out,Management,2026-04-10 05_30PM,2026
,LAC@POR,LA Clippers,"Beal, Bradley",Out,Injury/Illness - Left Hip; Fracture,2026-04-10 05_30PM,2026
,LAC@POR,LA Clippers,"Jackson, Isaiah",Out,Injury/Illness - Right Ankle; Sprain Injury/Illness - Right Lisfranc,2026-04-10 05_30PM,2026
,LAC@POR,LA Clippers,"Niederhauser, Yanic Konan",Out,Ligament; Tear,2026-04-10 05_30PM,2026
,LAC@POR,Portland Trail Blazers,"Grant, Jerami",Out,Injury/Illness - Right Calf; Strain,2026-04-10 05_30PM,2026
,LAC@POR,Portland Trail Blazers,"Krejci, Vit",Questionable,Injury/Illness - Left Calf; Contusion,2026-04-10 05_30PM,2026
,LAC@POR,Portland Trail Blazers,"Lillard, Damian",Out,Injury/Illness - Left Achilles Tendon; Injury Management Injury/Illness - Left Fibula; Stress,2026-04-10 05_30PM,2026
,LAC@POR,13,"Sharpe, Shaedon",Questionable,Reaction Injury/Illness - Right Ankle; Injury,2026-04-10 05_30PM,2026
,PHX@LAL,Phoenix Suns,"Booker, Devin",Out,Management,2026-04-10 05_30PM,2026
,PHX@LAL,Phoenix Suns,"Goodwin, Jordan",Out,Injury/Illness - Left Ankle; Sprain,2026-04-10 05_30PM,2026
,PHX@LAL,Phoenix Suns,"Green, Jalen",Questionable,Injury/Illness - Right Knee; Soreness Injury/Illness - Right Knee; Injury,2026-04-10 05_30PM,2026
,PHX@LAL,Phoenix Suns,"Highsmith, Haywood",Out,Management,2026-04-10 05_30PM,2026
,PHX@LAL,Los Angeles Lakers,"Doncic, Luka",Out,Injury/Illness - Left Hamstring; Strain Injury/Illness - Left Foot; Injury,2026-04-10 05_30PM,2026
,PHX@LAL,Los Angeles Lakers,"Hayes, Jaxson",Out,Management Injury/Illness - Left Finger; Injury,2026-04-10 05_30PM,2026
,PHX@LAL,Los Angeles Lakers,"Kennard, Luke",Questionable,Management Injury/Illness - Left Oblique; Muscle,2026-04-10 05_30PM,2026
,PHX@LAL,Los Angeles Lakers,"Reaves, Austin",Out,Strain,2026-04-10 05_30PM,2026
